aff_link,img_medium,name,shortdescription,longdescription,author,outlet,price,external_id,further_keywords,vineyard
http://ad.zanox.com/ppc/?20177713C1815612459&ULP=[[http://www.gustini.at/colosi-nero-d-avola-cantine-colosi-sizilien-a61008r50194216.html?afpartner=03]],http://www.gustini.at/artikelbilder/61008.jpg,Colosi Nero d Avola Cantine Colosi Sizilien,Robert Parker gab dem 2007er Jahrgang dieses Weins 90 Parker-Punkte und erhob ihn in die italienische Wein-Elite. Colosi hat damit zum zweiten Mal diese hohe Punktzahl erreicht. Dieser 2011er Jahrgang ist allerdings ...,,gustini,Gustini Online Shop,8.90,,"['AT / Wein und Prosecco / Rotwein ab 10 EUR', 'Cantine Colosi']",
http://ad.zanox.com/ppc/?20177713C1815612459&ULP=[[http://www.gustini.de/colosi-nero-d-avola-cantine-colosi-sizilien-a61008r50194216.html?afpartner=03]],http://www.gustini.de/artikelbilder/61008.jpg,Colosi Nero d Avola Cantine Colosi Sizilien,Robert Parker gab dem 2007er Jahrgang dieses Weins 90 Parker-Punkte und erhob ihn in die italienische Wein-Elite. Colosi hat damit zum zweiten Mal diese hohe Punktzahl erreicht. Dieser 2011er Jahrgang ist allerdings ...,,gustini,Gustini Online Shop,8.90,,"['DE / Wein und Prosecco / Rotwein ab 10 EUR', 'Cantine Colosi']",
http://ad.zanox.com/ppc/?20177713C1815612459&ULP=[[http://www.gustini.at/casa-defra-merlot-del-veneto-doc-2011-a61014r50194140.html?afpartner=03]],http://www.gustini.at/artikelbilder/61014.jpg,Casa Defra Merlot del Veneto DOC 2011,Öffnen Sie eine Flasche dieses feinen Merlots & sein Duft entführt Sie direkt auf eine sonnige Weinterrasse inmitten der Hügel Veneziens. 2011er Nachfolger einer der besten Rotweine 2008-vielleicht noch ein wenig besser!,,gustini,Gustini Online Shop,4.79,,"['AT / Wein und Prosecco / Testsieger Weine', 'Casa Defra']",
http://ad.zanox.com/ppc/?20177713C1815612459&ULP=[[http://www.gustini.de/casa-defra-merlot-del-veneto-doc-2011-a61014r50194140.html?afpartner=03]],http://www.gustini.de/artikelbilder/61014.jpg,Casa Defra Merlot del Veneto DOC 2011,Öffnen Sie eine Flasche dieses feinen Merlots & sein Duft entführt Sie direkt auf eine sonnige Weinterrasse inmitten der Hügel Veneziens. 2011er Nachfolger einer der besten Rotweine 2008-vielleicht noch ein wenig besser!,,gustini,Gustini Online Shop,4.79,,"['DE / Wein und Prosecco / Testsieger Weine', 'Casa Defra']",
http://ad.zanox.com/ppc/?20177713C1815612459&ULP=[[http://www.gustini.at/poggio-delle-faine-igt-2007-rotwein-des-jahres-toskana-italiencantine-minini-a61062r50194216.html?afpartner=03]],http://www.gustini.at/artikelbilder/61062.jpg,Poggio Delle Faine IGT 2007 Rotwein des Jahres Toskana Italien Cantine Minini,Ein großartiger Rotwein aus der Toskana. Der Nachfolger des Rotweins des Jahres 2008 - vielleicht noch ein wenig besser! Das konzentrierte Bouquet von weicher Vanille und ein warmes fruchtiges Aroma ...,,gustini,Gustini Online Shop,11.90,,"['AT / Wein und Prosecco / Rotwein ab 10 EUR', 'Cantine Minini']",
http://ad.zanox.com/ppc/?20177713C1815612459&ULP=[[http://www.gustini.de/poggio-delle-faine-igt-2007-rotwein-des-jahres-toskana-italiencantine-minini-a61062r50194216.html?afpartner=03]],http://www.gustini.de/artikelbilder/61062.jpg,Poggio Delle Faine IGT 2007 Rotwein des Jahres Toskana Italien Cantine Minini,Ein großartiger Rotwein aus der Toskana. Der Nachfolger des Rotweins des Jahres 2008 - vielleicht noch ein wenig besser! Das konzentrierte Bouquet von weicher Vanille und ein warmes fruchtiges Aroma ...,,gustini,Gustini Online Shop,11.90,,"['DE / Wein und Prosecco / Rotwein ab 10 EUR', 'Cantine Minini']",
http://ad.zanox.com/ppc/?20177713C1815612459&ULP=[[http://www.gustini.at/vorteilspack-3-flaschen-poggio-delle-faine-igt-2007-a61064r50194216.html?afpartner=03]],http://www.gustini.at/artikelbilder/61064.jpg,Vorteilspack 3 Flaschen Poggio Delle Faine IGT 2007,Ein großartiger Rotwein aus der Toskana. Der Nachfolger des Rotweins des Jahres 2008 - vielleicht noch ein wenig besser! Das konzentrierte Bouquet von weicher Vanille und ein warmes fruchtiges Aroma zeichnen diesen ...,,gustini,Gustini Online Shop,32.70,,"['AT / Wein und Prosecco / Rotwein ab 10 EUR', 'Cantine Minini']",
http://ad.zanox.com/ppc/?20177713C1815612459&ULP=[[http://www.gustini.de/vorteilspack-3-flaschen-poggio-delle-faine-igt-2007-a61064r50194216.html?afpartner=03]],http://www.gustini.de/artikelbilder/61064.jpg,Vorteilspack 3 Flaschen Poggio Delle Faine IGT 2007,Ein großartiger Rotwein aus der Toskana. Der Nachfolger des Rotweins des Jahres 2008 - vielleicht noch ein wenig besser! Das konzentrierte Bouquet von weicher Vanille und ein warmes fruchtiges Aroma zeichnen diesen ...,,gustini,Gustini Online Shop,32.70,,"['DE / Wein und Prosecco / Rotwein ab 10 EUR', 'Cantine Minini']",
http://ad.zanox.com/ppc/?20177713C1815612459&ULP=[[http://www.gustini.at/cabernet-igt-barrique-villa-degli-olmi-venetien-a61074r50194147.html?afpartner=03]],http://www.gustini.at/artikelbilder/61074.jpg,Cabernet IGT Barrique Villa degli Olmi Venetien,Durch den Fassausbau erreicht der Wein aus Cabernet Sauvignon der Brüder Cielo sein unverwechselbares Aroma. Er besticht durch seine intensiv rote Farbe und die würzigen Noten.,,gustini,Gustini Online Shop,6.95,,"['AT / Wein und Prosecco / Rotwein ab 5 EUR', 'Villa degli Olmi']",
http://ad.zanox.com/ppc/?20177713C1815612459&ULP=[[http://www.gustini.de/cabernet-igt-barrique-villa-degli-olmi-venetien-a61074r50194147.html?afpartner=03]],http://www.gustini.de/artikelbilder/61074.jpg,Cabernet IGT Barrique Villa degli Olmi Venetien,Durch den Fassausbau erreicht der Wein aus Cabernet Sauvignon der Brüder Cielo sein unverwechselbares Aroma. Er besticht durch seine intensiv rote Farbe und die würzigen Noten.,,gustini,Gustini Online Shop,6.95,,"['DE / Wein und Prosecco / Rotwein ab 5 EUR', 'Villa degli Olmi']",
http://ad.zanox.com/ppc/?20177713C1815612459&ULP=[[http://www.gustini.at/nero-d-avola-igt-sicilia-loggia-del-sole-sizilien-a61082r50194039.html?afpartner=03]],http://www.gustini.at/artikelbilder/61082.jpg,Nero d Avola IGT Sicilia Loggia del Sole Sizilien,"Aus der typisch sizilianischen Rebsorte Nero d&apos;Avola wird dieser intensiv dunkelrote Wein gekeltert, der durch seinen herrlichen Duft von Maulbeeren besticht. Ganz hervorragend zu roten Fleischgerichten.",,gustini,Gustini Online Shop,4.79,,"['AT / Wein und Prosecco / Rotwein unter 5 EUR', 'Loggia del Sole']",
http://ad.zanox.com/ppc/?20177713C1815612459&ULP=[[http://www.gustini.de/nero-d-avola-igt-sicilia-loggia-del-sole-sizilien-a61082r50194039.html?afpartner=03]],http://www.gustini.de/artikelbilder/61082.jpg,Nero d Avola IGT Sicilia Loggia del Sole Sizilien,"Aus der typisch sizilianischen Rebsorte Nero d&apos;Avola wird dieser intensiv dunkelrote Wein gekeltert, der durch seinen herrlichen Duft von Maulbeeren besticht. Ganz hervorragend zu roten Fleischgerichten.",,gustini,Gustini Online Shop,4.79,,"['DE / Wein und Prosecco / Rotwein unter 5 EUR', 'Loggia del Sole']",
http://ad.zanox.com/ppc/?20177713C1815612459&ULP=[[http://www.gustini.at/cabernet-sauvignon-colli-berici-doc-a61089r50194039.html?afpartner=03]],http://www.gustini.at/artikelbilder/61089.jpg,Cabernet Sauvignon Colli Berici DOC,Einer der beliebtesten Rotweine der Welt - sowohl bei Weinliebhabern als auch bei Winzern. Seine tief rubinrote Farbe ist ebenso charakteristisch wie sein Johannisbeeraroma. Wie empfehlen ihn zu Grillgerichten sowie...,,gustini,Gustini Online Shop,4.99,,"['AT / Wein und Prosecco / Rotwein unter 5 EUR', 'Casa Defra']",
http://ad.zanox.com/ppc/?20177713C1815612459&ULP=[[http://www.gustini.de/cabernet-sauvignon-colli-berici-doc-a61089r50194039.html?afpartner=03]],http://www.gustini.de/artikelbilder/61089.jpg,Cabernet Sauvignon Colli Berici DOC,Einer der beliebtesten Rotweine der Welt - sowohl bei Weinliebhabern als auch bei Winzern. Seine tief rubinrote Farbe ist ebenso charakteristisch wie sein Johannisbeeraroma. Wie empfehlen ihn zu Grillgerichten sowie...,,gustini,Gustini Online Shop,4.99,,"['DE / Wein und Prosecco / Rotwein unter 5 EUR', 'Casa Defra']",
http://ad.zanox.com/ppc/?20177713C1815612459&ULP=[[http://www.gustini.at/primitivo-igt-castello-maestro-apulien-a61091r50194039.html?afpartner=03]],http://www.gustini.at/artikelbilder/61091.jpg,Primitivo IGT Castello Maestro Apulien,"Reife süße Aromen von schwarzen Johannisbeeren, kandierten Kirschen und Brombeeren in der Nase. Am Gaumen treten köstliche Noten von Backpflaumen, fruchtigen Aprikosen und ein Hauch von Rosenblütenblättern ...",,gustini,Gustini Online Shop,4.95,,"['AT / Wein und Prosecco / Rotwein unter 5 EUR', 'Castello Maestro']",
http://ad.zanox.com/ppc/?20177713C1815612459&ULP=[[http://www.gustini.de/primitivo-igt-castello-maestro-apulien-a61091r50194039.html?afpartner=03]],http://www.gustini.de/artikelbilder/61091.jpg,Primitivo IGT Castello Maestro Apulien,"Reife süße Aromen von schwarzen Johannisbeeren, kandierten Kirschen und Brombeeren in der Nase. Am Gaumen treten köstliche Noten von Backpflaumen, fruchtigen Aprikosen und ein Hauch von Rosenblütenblättern ...",,gustini,Gustini Online Shop,4.95,,"['DE / Wein und Prosecco / Rotwein unter 5 EUR', 'Castello Maestro']",
http://ad.zanox.com/ppc/?20177713C1815612459&ULP=[[http://www.gustini.at/amarone-classico-della-valpolicella-doc-biscardo-2008-a61102r50194216.html?afpartner=03]],http://www.gustini.at/artikelbilder/61102.jpg,Amarone Classico della Valpolicella DOC Biscardo 2008,"Ein intensives fruchtiges Rosinenaroma ist charakteristisch für den Amarone, eine Spezialität des Valpolicella. Die Bitterkeit im Abgang, die dem Wein den Namen gibt, ist auch für Weinkenner ungewohnt...",,gustini,Gustini Online Shop,35.90,,"['AT / Wein und Prosecco / Rotwein ab 10 EUR', 'Tenimenti Biscardo']",
http://ad.zanox.com/ppc/?20177713C1815612459&ULP=[[http://www.gustini.de/amarone-classico-della-valpolicella-doc-biscardo-2008-a61102r50194216.html?afpartner=03]],http://www.gustini.de/artikelbilder/61102.jpg,Amarone Classico della Valpolicella DOC Biscardo 2008,"Ein intensives fruchtiges Rosinenaroma ist charakteristisch für den Amarone, eine Spezialität des Valpolicella. Die Bitterkeit im Abgang, die dem Wein den Namen gibt, ist auch für Weinkenner ungewohnt...",,gustini,Gustini Online Shop,35.90,,"['DE / Wein und Prosecco / Rotwein ab 10 EUR', 'Tenimenti Biscardo']",
http://ad.zanox.com/ppc/?20177713C1815612459&ULP=[[http://www.gustini.at/nero-d-avola-2010-igt-sicilia-ruggero-di-tasso-sizilien-a61103r50194147.html?afpartner=03]],http://www.gustini.at/artikelbilder/61103.jpg,Nero d Avola 2010 IGT Sicilia Ruggero di Tasso Sizilien,"Lassen Sie sich von einem Produkt der Sonneninsel Sizilien verwöhnen: Dieser Traum von einem Rotwein begeistert durch sanfte Tannine und die fruchtigen Aromen dunkler Beeren, durchsetzt von feinen Schokoladennoten.",,gustini,Gustini Online Shop,5.95,,"['AT / Wein und Prosecco / Rotwein ab 5 EUR', 'Ruggero di Tasso']",
http://ad.zanox.com/ppc/?20177713C1815612459&ULP=[[http://www.gustini.de/nero-d-avola-2010-igt-sicilia-ruggero-di-tasso-sizilien-a61103r50194147.html?afpartner=03]],http://www.gustini.de/artikelbilder/61103.jpg,Nero d Avola 2010 IGT Sicilia Ruggero di Tasso Sizilien,"Lassen Sie sich von einem Produkt der Sonneninsel Sizilien verwöhnen: Dieser Traum von einem Rotwein begeistert durch sanfte Tannine und die fruchtigen Aromen dunkler Beeren, durchsetzt von feinen Schokoladennoten.",,gustini,Gustini Online Shop,5.95,,"['DE / Wein und Prosecco / Rotwein ab 5 EUR', 'Ruggero di Tasso']",
http://ad.zanox.com/ppc/?20177713C1815612459&ULP=[[http://www.gustini.at/syrah-2009-igt-sicilia-rotwein-sizilien-vini-rosso-a61104r50194147.html?afpartner=03]],http://www.gustini.at/artikelbilder/61104.jpg,Syrah 2009 IGT Sicilia Rotwein Sizilien Vini Rosso,"Von der Vulkan- und Sonneninsel Sizilien stammt dieser exzellente Rotwein, gewonnen aus der Syrah- und der tiefdunklen Traube Nero d&apos;Avola. Der warme Geschmack mit lang anhaltendem Aroma passt ausgezeichnet zu...",,gustini,Gustini Online Shop,7.95,,"['AT / Wein und Prosecco / Rotwein ab 5 EUR', 'Ruggero di Tasso']",
http://ad.zanox.com/ppc/?20177713C1815612459&ULP=[[http://www.gustini.de/syrah-2009-igt-sicilia-rotwein-sizilien-vini-rosso-a61104r50194147.html?afpartner=03]],http://www.gustini.de/artikelbilder/61104.jpg,Syrah 2009 IGT Sicilia Rotwein Sizilien Vini Rosso,"Von der Vulkan- und Sonneninsel Sizilien stammt dieser exzellente Rotwein, gewonnen aus der Syrah- und der tiefdunklen Traube Nero d&apos;Avola. Der warme Geschmack mit lang anhaltendem Aroma passt ausgezeichnet zu...",,gustini,Gustini Online Shop,7.95,,"['DE / Wein und Prosecco / Rotwein ab 5 EUR', 'Ruggero di Tasso']",
http://ad.zanox.com/ppc/?20177713C1815612459&ULP=[[http://www.gustini.at/salice-salentino-2008-doc-riserva-apulien-sueditalien-rotwein-casato-d-alojsa-a61105r50194147.html?afpartner=03]],http://www.gustini.at/artikelbilder/61105.jpg,Salice Salentino 2008 DOC Riserva Apulien Süditalien Rotwein Casato d Alojsa,"Auf dem Ton- und Sandboden von Apulien gedeihen die Rebstöcke für diesen Rotwein, der mit warm-fruchtigen Aromen von Pflaume, Gewürznelke und saftiger Kirsche lockt. Der samtige Geschmack findet...",,gustini,Gustini Online Shop,7.90,,"['AT / Wein und Prosecco / Rotwein ab 5 EUR', 'Casato d&apos;Alojsa']",
http://ad.zanox.com/ppc/?20177713C1815612459&ULP=[[http://www.gustini.de/salice-salentino-2008-doc-riserva-apulien-sueditalien-rotwein-casato-d-alojsa-a61105r50194147.html?afpartner=03]],http://www.gustini.de/artikelbilder/61105.jpg,Salice Salentino 2008 DOC Riserva Apulien Süditalien Rotwein Casato d Alojsa,"Auf dem Ton- und Sandboden von Apulien gedeihen die Rebstöcke für diesen Rotwein, der mit warm-fruchtigen Aromen von Pflaume, Gewürznelke und saftiger Kirsche lockt. Der samtige Geschmack findet...",,gustini,Gustini Online Shop,7.90,,"['DE / Wein und Prosecco / Rotwein ab 5 EUR', 'Casato d&apos;Alojsa']",
http://ad.zanox.com/ppc/?20177713C1815612459&ULP=[[http://www.gustini.at/negroamaro-salento-igt-puglia-apulien-angio-archeo-rotwein-sueditalien-a61106r50194147.html?afpartner=03]],http://www.gustini.at/artikelbilder/61106.jpg,Negroamaro Salento IGT Puglia Apulien Angio Archeo Rotwein Süditalien,"Süß-aromatische Noten von saftig-reifen Kirschen und feinem Marzipan umschmeicheln sanft den Gaumen, zurückhaltend ist die Säure in diesem trockenen Rotwein aus Apulien.",,gustini,Gustini Online Shop,5.95,,"['AT / Wein und Prosecco / Rotwein ab 5 EUR', 'Angio Archeo']",
http://ad.zanox.com/ppc/?20177713C1815612459&ULP=[[http://www.gustini.de/negroamaro-salento-igt-puglia-apulien-angio-archeo-rotwein-sueditalien-a61106r50194147.html?afpartner=03]],http://www.gustini.de/artikelbilder/61106.jpg,Negroamaro Salento IGT Puglia Apulien Angio Archeo Rotwein Süditalien,"Süß-aromatische Noten von saftig-reifen Kirschen und feinem Marzipan umschmeicheln sanft den Gaumen, zurückhaltend ist die Säure in diesem trockenen Rotwein aus Apulien.",,gustini,Gustini Online Shop,5.95,,"['DE / Wein und Prosecco / Rotwein ab 5 EUR', 'Angio Archeo']",
http://ad.zanox.com/ppc/?20177713C1815612459&ULP=[[http://www.gustini.at/5-flaschen-wein-vorteilspaket-sole-mio-a61108r50194148.html?afpartner=03]],http://www.gustini.at/artikelbilder/61108.jpg,5 Flaschen Wein-Vorteilspaket Sole Mio,"Die beliebtesten Weine aus unserem Sortiment in einem Set zum Vorteilspreis - da lacht das Weingenießerherz. Von Sizilien bis Venetien haben wir Rot-, Weiß- und Roséweine zusammengestellt.",,gustini,Gustini Online Shop,29.90,,"['AT / Wein und Prosecco / Wein-Vorteilspakete', 'Diverse']",
http://ad.zanox.com/ppc/?20177713C1815612459&ULP=[[http://www.gustini.de/5-flaschen-wein-vorteilspaket-sole-mio-a61108r50194148.html?afpartner=03]],http://www.gustini.de/artikelbilder/61108.jpg,5 Flaschen Wein-Vorteilspaket Sole Mio,"Die beliebtesten Weine aus unserem Sortiment in einem Set zum Vorteilspreis - da lacht das Weingenießerherz. Von Sizilien bis Venetien haben wir Rot-, Weiß- und Roséweine zusammengestellt.",,gustini,Gustini Online Shop,29.90,,"['DE / Wein und Prosecco / Wein-Vorteilspakete', 'Diverse']",
http://ad.zanox.com/ppc/?20177713C1815612459&ULP=[[http://www.gustini.at/mezzogiorno-wein-aus-sueditalien-3-flaschen-im-vorteilspaket-vini-del-sud-italia-a61109r50194148.html?afpartner=03]],http://www.gustini.at/artikelbilder/61109.jpg,Mezzogiorno Wein aus Süditalien 3 Flaschen im Vorteilspaket Vini del Sud Italia,"In diesem Weinset versammelt sich die Leidenschaft des italienischen Südens. Sonne satt konnten die Trauben genießen, die zu diesen rassigen Weinen verarbeitet wurden.",,gustini,Gustini Online Shop,18.90,,"['AT / Wein und Prosecco / Wein-Vorteilspakete', 'Ruggero di Tasso']",
http://ad.zanox.com/ppc/?20177713C1815612459&ULP=[[http://www.gustini.de/mezzogiorno-wein-aus-sueditalien-3-flaschen-im-vorteilspaket-vini-del-sud-italia-a61109r50194148.html?afpartner=03]],http://www.gustini.de/artikelbilder/61109.jpg,Mezzogiorno Wein aus Süditalien 3 Flaschen im Vorteilspaket Vini del Sud Italia,"In diesem Weinset versammelt sich die Leidenschaft des italienischen Südens. Sonne satt konnten die Trauben genießen, die zu diesen rassigen Weinen verarbeitet wurden.",,gustini,Gustini Online Shop,18.90,,"['DE / Wein und Prosecco / Wein-Vorteilspakete', 'Ruggero di Tasso']",
http://ad.zanox.com/ppc/?20177713C1815612459&ULP=[[http://www.gustini.at/fragolino-rosso-12er-vorteilspaket-terra-del-sole-a61110r50194035.html?afpartner=03]],http://www.gustini.at/artikelbilder/61110.jpg,Fragolino Rosso 12er Vorteilspaket Terra del Sole,Endlich erhalten Sie den beliebten Sommer-Schaumwein mit dem verführerischen Erdbeer-Aroma und dem erfrischenden Prickeln in einem Vorteilspaket mit 12 Flaschen: zum Verschenken oder selbst genießen.,,gustini,Gustini Online Shop,45.90,,"['AT / Wein und Prosecco / Prosecco und Spumante', 'Contri Spumanti']",
http://ad.zanox.com/ppc/?20177713C1815612459&ULP=[[http://www.gustini.de/fragolino-rosso-12er-vorteilspaket-terra-del-sole-a61110r50194035.html?afpartner=03]],http://www.gustini.de/artikelbilder/61110.jpg,Fragolino Rosso 12er Vorteilspaket Terra del Sole,Endlich erhalten Sie den beliebten Sommer-Schaumwein mit dem verführerischen Erdbeer-Aroma und dem erfrischenden Prickeln in einem Vorteilspaket mit 12 Flaschen: zum Verschenken oder selbst genießen.,,gustini,Gustini Online Shop,45.90,,"['DE / Wein und Prosecco / Prosecco und Spumante', 'Contri Spumanti']",
http://ad.zanox.com/ppc/?20177713C1815612459&ULP=[[http://www.gustini.at/sicilia-igt-colosi-rosso-barrique-a61123r50194140.html?afpartner=03]],http://www.gustini.at/artikelbilder/61123.jpg,Sicilia IGT Colosi Rosso Barrique,"Dunkel-fruchtige Aromen von Brombeeren, Pflaumen und Kirschen verführen Sie zum ersten Schluck. Der Wein zeigt im Aroma eine perfekte Balance und einen seidigen Abgang.",,gustini,Gustini Online Shop,6.90,,"['AT / Wein und Prosecco / Testsieger Weine', 'Cantine Colosi']",
http://ad.zanox.com/ppc/?20177713C1815612459&ULP=[[http://www.gustini.de/sicilia-igt-colosi-rosso-barrique-a61123r50194140.html?afpartner=03]],http://www.gustini.de/artikelbilder/61123.jpg,Sicilia IGT Colosi Rosso Barrique,"Dunkel-fruchtige Aromen von Brombeeren, Pflaumen und Kirschen verführen Sie zum ersten Schluck. Der Wein zeigt im Aroma eine perfekte Balance und einen seidigen Abgang.",,gustini,Gustini Online Shop,6.90,,"['DE / Wein und Prosecco / Testsieger Weine', 'Cantine Colosi']",
http://ad.zanox.com/ppc/?20177713C1815612459&ULP=[[http://www.gustini.at/salina-rosso-igt-italien-rotwein-insel-suedlich-von-sizilien-a61124r50194216.html?afpartner=03]],http://www.gustini.at/artikelbilder/61124.jpg,Salina Rosso IGT Italien Rotwein Insel südlich von Sizilien,Im edlen dunkelroten Samtkleid präsentiert sich dieser sizilianische Rotwein im Glas. Frisch und leicht umspielt er den Gaumen mit fruchtigen Aromen...,,gustini,Gustini Online Shop,11.90,,"['AT / Wein und Prosecco / Rotwein ab 10 EUR', 'Cantine Colosi']",
http://ad.zanox.com/ppc/?20177713C1815612459&ULP=[[http://www.gustini.de/salina-rosso-igt-italien-rotwein-insel-suedlich-von-sizilien-a61124r50194216.html?afpartner=03]],http://www.gustini.de/artikelbilder/61124.jpg,Salina Rosso IGT Italien Rotwein Insel südlich von Sizilien,Im edlen dunkelroten Samtkleid präsentiert sich dieser sizilianische Rotwein im Glas. Frisch und leicht umspielt er den Gaumen mit fruchtigen Aromen...,,gustini,Gustini Online Shop,11.90,,"['DE / Wein und Prosecco / Rotwein ab 10 EUR', 'Cantine Colosi']",
http://ad.zanox.com/ppc/?20177713C1815612459&ULP=[[http://www.gustini.at/antica-vigna-igt-2008-puglia-terra-dei-mandorli-italien-wein-testsieger-mundus-vini-a61125r50194140.html?afpartner=03]],http://www.gustini.at/artikelbilder/61125.jpg,Antica Vigna IGT 2008 Puglia Terra dei Mandorli Italien Wein Testsieger Mundus Vini,"Diesen besonders fruchtigen und rubinroten Rotwein aus Apulien müssen Sie einfach probieren, weil Mundus Vini ihm die Goldmedaille verliehen hat.",,gustini,Gustini Online Shop,8.95,,"['AT / Wein und Prosecco / Testsieger Weine', 'Tenimenti Biscardo']",
http://ad.zanox.com/ppc/?20177713C1815612459&ULP=[[http://www.gustini.de/antica-vigna-igt-2008-puglia-terra-dei-mandorli-italien-wein-testsieger-mundus-vini-a61125r50194140.html?afpartner=03]],http://www.gustini.de/artikelbilder/61125.jpg,Antica Vigna IGT 2008 Puglia Terra dei Mandorli Italien Wein Testsieger Mundus Vini,"Diesen besonders fruchtigen und rubinroten Rotwein aus Apulien müssen Sie einfach probieren, weil Mundus Vini ihm die Goldmedaille verliehen hat.",,gustini,Gustini Online Shop,8.95,,"['DE / Wein und Prosecco / Testsieger Weine', 'Tenimenti Biscardo']",
http://ad.zanox.com/ppc/?20177713C1815612459&ULP=[[http://www.gustini.at/fragolino-rose-12er-vorteilspaket-terra-del-sole-a61127r50194035.html?afpartner=03]],http://www.gustini.at/artikelbilder/61127.jpg,Fragolino Rose 12er Vorteilspaket Terra del Sole,Besonders bei den Damen ist die rosafarbene Variante des Trendgetränks Fragolino beliebt. Mit diesem Vorteilspaket können Sie alle Ihre Freundinnen zu einem Sektfrühstück oder einem prickelnden Nachmittag einladen!,,gustini,Gustini Online Shop,45.90,,"['AT / Wein und Prosecco / Prosecco und Spumante', 'Contri Spumanti']",
http://ad.zanox.com/ppc/?20177713C1815612459&ULP=[[http://www.gustini.de/fragolino-rose-12er-vorteilspaket-terra-del-sole-a61127r50194035.html?afpartner=03]],http://www.gustini.de/artikelbilder/61127.jpg,Fragolino Rose 12er Vorteilspaket Terra del Sole,Besonders bei den Damen ist die rosafarbene Variante des Trendgetränks Fragolino beliebt. Mit diesem Vorteilspaket können Sie alle Ihre Freundinnen zu einem Sektfrühstück oder einem prickelnden Nachmittag einladen!,,gustini,Gustini Online Shop,45.90,,"['DE / Wein und Prosecco / Prosecco und Spumante', 'Contri Spumanti']",
http://ad.zanox.com/ppc/?20177713C1815612459&ULP=[[http://www.gustini.at/fragolino-probierpaket-fragolino-rot-weiss-und-rose-a61128r50194148.html?afpartner=03]],http://www.gustini.at/artikelbilder/61128.jpg,Fragolino Probierpaket Fragolino rot weiss und rose,Fragolino - das fruchtige Trendgetränk für den Sommer haben wir Ihnen hier in einem dreifarbiges Probierpaket zusammengestellt. Erleben Sie italienisches Urlaubsfeeling auf Ihrer Terrasse oder Balkon...,,gustini,Gustini Online Shop,11.69,,"['AT / Wein und Prosecco / Wein-Vorteilspakete', 'Contri Spumanti']",
http://ad.zanox.com/ppc/?20177713C1815612459&ULP=[[http://www.gustini.de/fragolino-probierpaket-fragolino-rot-weiss-und-rose-a61128r50194148.html?afpartner=03]],http://www.gustini.de/artikelbilder/61128.jpg,Fragolino Probierpaket Fragolino rot weiss und rose,Fragolino - das fruchtige Trendgetränk für den Sommer haben wir Ihnen hier in einem dreifarbiges Probierpaket zusammengestellt. Erleben Sie italienisches Urlaubsfeeling auf Ihrer Terrasse oder Balkon...,,gustini,Gustini Online Shop,11.69,,"['DE / Wein und Prosecco / Wein-Vorteilspakete', 'Contri Spumanti']",
http://ad.zanox.com/ppc/?20177713C1815612459&ULP=[[http://www.gustini.at/rotwein-poggio-agli-alberi-chianti-2009-toskana-le-chiantigiane-a61129r50194147.html?afpartner=03]],http://www.gustini.at/artikelbilder/61129.jpg,Rotwein Poggio agli Alberi Chianti 2009 Toskana Le Chiantigiane,"Noten von schwarzem Pfeffer umspielen Nase und Gaumen, während eine fruchtige Basis diesen toskanischen Rotwein sehr genussreich macht. Genießen Sie ihn zu gegrilltem Fleisch oder würzigem Käse.",,gustini,Gustini Online Shop,4.89,,"['AT / Wein und Prosecco / Rotwein ab 5 EUR', 'Le Chiantigiane']",
http://ad.zanox.com/ppc/?20177713C1815612459&ULP=[[http://www.gustini.de/rotwein-poggio-agli-alberi-chianti-2009-toskana-le-chiantigiane-a61129r50194147.html?afpartner=03]],http://www.gustini.de/artikelbilder/61129.jpg,Rotwein Poggio agli Alberi Chianti 2009 Toskana Le Chiantigiane,"Noten von schwarzem Pfeffer umspielen Nase und Gaumen, während eine fruchtige Basis diesen toskanischen Rotwein sehr genussreich macht. Genießen Sie ihn zu gegrilltem Fleisch oder würzigem Käse.",,gustini,Gustini Online Shop,4.89,,"['DE / Wein und Prosecco / Rotwein ab 5 EUR', 'Le Chiantigiane']",
http://ad.zanox.com/ppc/?20177713C1815612459&ULP=[[http://www.gustini.at/pianoro-montepulciano-d-abruzzo-doc-rotwein-italien-a61130r50194147.html?afpartner=03]],http://www.gustini.at/artikelbilder/61130.jpg,Pianoro Montepulciano d Abruzzo DOC Rotwein Italien,"Ein feiner Veilchenduft entströmt dem Glas, wenn Sie den edlen rubinroten Tropfen hineingießen. Der junge und elegante Wein harmoniert bestens mit Braten und Wildgerichten.",,gustini,Gustini Online Shop,7.49,,"['AT / Wein und Prosecco / Rotwein ab 5 EUR', 'Pianoro']",
http://ad.zanox.com/ppc/?20177713C1815612459&ULP=[[http://www.gustini.de/pianoro-montepulciano-d-abruzzo-doc-rotwein-italien-a61130r50194147.html?afpartner=03]],http://www.gustini.de/artikelbilder/61130.jpg,Pianoro Montepulciano d Abruzzo DOC Rotwein Italien,"Ein feiner Veilchenduft entströmt dem Glas, wenn Sie den edlen rubinroten Tropfen hineingießen. Der junge und elegante Wein harmoniert bestens mit Braten und Wildgerichten.",,gustini,Gustini Online Shop,7.49,,"['DE / Wein und Prosecco / Rotwein ab 5 EUR', 'Pianoro']",
http://ad.zanox.com/ppc/?20177713C1815612459&ULP=[[http://www.gustini.at/kettmeir-kalterer-see-rotwein-suedtirol-kaltern-und-tramin-a61131r50194147.html?afpartner=03]],http://www.gustini.at/artikelbilder/61131.jpg,Kettmeir Kalterer See Rotwein Südtirol Kaltern und Tramin,"Aus Südtirol stammt dieser Rotwein mit einem ausgesprochen fruchtigen Bukett und floralen Veilchennoten. Saftige Kirschnoten sind am Gaumen zu entdecken, die sich im Abgang in das Aroma von Bittermandel verwandeln.",,gustini,Gustini Online Shop,9.90,,"['AT / Wein und Prosecco / Rotwein ab 5 EUR', 'Kettmeir']",
http://ad.zanox.com/ppc/?20177713C1815612459&ULP=[[http://www.gustini.de/kettmeir-kalterer-see-rotwein-suedtirol-kaltern-und-tramin-a61131r50194147.html?afpartner=03]],http://www.gustini.de/artikelbilder/61131.jpg,Kettmeir Kalterer See Rotwein Südtirol Kaltern und Tramin,"Aus Südtirol stammt dieser Rotwein mit einem ausgesprochen fruchtigen Bukett und floralen Veilchennoten. Saftige Kirschnoten sind am Gaumen zu entdecken, die sich im Abgang in das Aroma von Bittermandel verwandeln.",,gustini,Gustini Online Shop,9.90,,"['DE / Wein und Prosecco / Rotwein ab 5 EUR', 'Kettmeir']",
http://ad.zanox.com/ppc/?20177713C1815612459&ULP=[[http://www.gustini.at/ripasso-valpolicella-doc-classico-superiore-rotwein-venetien-a61132r50194216.html?afpartner=03]],http://www.gustini.at/artikelbilder/61132.jpg,Ripasso Valpolicella DOC Classico Superiore Rotwein Venetien,Gewinner des Mundus Vini Gold in 2012! Aus dem Herzen des klassischen Valpolicella-Gebietes im Veneto kommt dieser wunderbare Rotwein mit seinen reichen Aromen von Pfeffer und Rosinen sowie Süßkirschen.,,gustini,Gustini Online Shop,12.90,,"['AT / Wein und Prosecco / Rotwein ab 10 EUR', 'Mabis']",
http://ad.zanox.com/ppc/?20177713C1815612459&ULP=[[http://www.gustini.de/ripasso-valpolicella-doc-classico-superiore-rotwein-venetien-a61132r50194216.html?afpartner=03]],http://www.gustini.de/artikelbilder/61132.jpg,Ripasso Valpolicella DOC Classico Superiore Rotwein Venetien,Gewinner des Mundus Vini Gold in 2012! Aus dem Herzen des klassischen Valpolicella-Gebietes im Veneto kommt dieser wunderbare Rotwein mit seinen reichen Aromen von Pfeffer und Rosinen sowie Süßkirschen.,,gustini,Gustini Online Shop,12.90,,"['DE / Wein und Prosecco / Rotwein ab 10 EUR', 'Mabis']",
http://ad.zanox.com/ppc/?20177713C1815612459&ULP=[[http://www.gustini.at/morellino-di-scansano-docg-ventoso-poggio-argentiera-docg-rotwein-toskana-maremma-a61134r50194147.html?afpartner=03]],http://www.gustini.at/artikelbilder/61134.jpg,Morellino di Scansano DOCG Ventoso Poggio Argentiera DOCG Rotwein Toskana Maremma,"In einem intensiven Rubinrot erstrahlt dieser Rotwein aus der sonnigen Toskana. Aromatisch dominieren Noten von wilden Kirschen, Himbeeren und anderen Waldfrüchten. Der Wein ist 3-4 Jahre lagerfähig.",,gustini,Gustini Online Shop,9.90,,"['AT / Wein und Prosecco / Rotwein ab 5 EUR', '']",
http://ad.zanox.com/ppc/?20177713C1815612459&ULP=[[http://www.gustini.de/morellino-di-scansano-docg-ventoso-poggio-argentiera-docg-rotwein-toskana-maremma-a61134r50194147.html?afpartner=03]],http://www.gustini.de/artikelbilder/61134.jpg,Morellino di Scansano DOCG Ventoso Poggio Argentiera DOCG Rotwein Toskana Maremma,"In einem intensiven Rubinrot erstrahlt dieser Rotwein aus der sonnigen Toskana. Aromatisch dominieren Noten von wilden Kirschen, Himbeeren und anderen Waldfrüchten. Der Wein ist 3-4 Jahre lagerfähig.",,gustini,Gustini Online Shop,9.90,,"['DE / Wein und Prosecco / Rotwein ab 5 EUR', '']",
http://ad.zanox.com/ppc/?20177713C1815612459&ULP=[[http://www.gustini.at/valpolicella-doc-pasqua-a61136r50194147.html?afpartner=03]],http://www.gustini.at/artikelbilder/61136.jpg,Valpolicella DOC Pasqua,Ein rubinrotes Kleid zeichnet diesen Rotwein aus. Er umgibt sich mit Düften von wilden Kirschen und saftigen Pflaumen. Er hat einen ausgezeichneten Körper mit runden Tanninen.,,gustini,Gustini Online Shop,5.90,,"['AT / Wein und Prosecco / Rotwein ab 5 EUR', 'Vini Pasqua']",
http://ad.zanox.com/ppc/?20177713C1815612459&ULP=[[http://www.gustini.de/valpolicella-doc-pasqua-a61136r50194147.html?afpartner=03]],http://www.gustini.de/artikelbilder/61136.jpg,Valpolicella DOC Pasqua,Ein rubinrotes Kleid zeichnet diesen Rotwein aus. Er umgibt sich mit Düften von wilden Kirschen und saftigen Pflaumen. Er hat einen ausgezeichneten Körper mit runden Tanninen.,,gustini,Gustini Online Shop,5.90,,"['DE / Wein und Prosecco / Rotwein ab 5 EUR', 'Vini Pasqua']",
http://ad.zanox.com/ppc/?20177713C1815612459&ULP=[[http://www.gustini.at/casato-di-melzi-negroamaro-igt-salento-a61138r50194147.html?afpartner=03]],http://www.gustini.at/artikelbilder/61138.jpg,Casato di Melzi Negroamaro IGT Salento,Aus der Region Apulien stammt dieser tiefdunkle Wein mit seinem überraschend jugendlichen Auftreten. Er harmoniert sehr gut mit Antipasti und Tapas. Er ist ebenso ein guter Begleiter zu Nudelgerichten mit Tomatensoße...,,gustini,Gustini Online Shop,6.90,,"['AT / Wein und Prosecco / Rotwein ab 5 EUR', 'Mabis']",
http://ad.zanox.com/ppc/?20177713C1815612459&ULP=[[http://www.gustini.de/casato-di-melzi-negroamaro-igt-salento-a61138r50194147.html?afpartner=03]],http://www.gustini.de/artikelbilder/61138.jpg,Casato di Melzi Negroamaro IGT Salento,Aus der Region Apulien stammt dieser tiefdunkle Wein mit seinem überraschend jugendlichen Auftreten. Er harmoniert sehr gut mit Antipasti und Tapas. Er ist ebenso ein guter Begleiter zu Nudelgerichten mit Tomatensoße...,,gustini,Gustini Online Shop,6.90,,"['DE / Wein und Prosecco / Rotwein ab 5 EUR', 'Mabis']",
http://ad.zanox.com/ppc/?20177713C1815612459&ULP=[[http://www.gustini.at/casato-di-melzi-primitivo-igt-salento-a61139r50194147.html?afpartner=03]],http://www.gustini.at/artikelbilder/61139.jpg,Casato di Melzi Primitivo IGT Salento,Die interessante säuerlich-süße Kombination der Aromen von saftigen Brombeeren und Schokolade zeichnet diesen Primitivo aus Apulien aus. Lassen Sie sich vom Namen der Rebsorte Primitivo nicht täuschen...,,gustini,Gustini Online Shop,6.90,,"['AT / Wein und Prosecco / Rotwein ab 5 EUR', 'Mabis']",
http://ad.zanox.com/ppc/?20177713C1815612459&ULP=[[http://www.gustini.de/casato-di-melzi-primitivo-igt-salento-a61139r50194147.html?afpartner=03]],http://www.gustini.de/artikelbilder/61139.jpg,Casato di Melzi Primitivo IGT Salento,Die interessante säuerlich-süße Kombination der Aromen von saftigen Brombeeren und Schokolade zeichnet diesen Primitivo aus Apulien aus. Lassen Sie sich vom Namen der Rebsorte Primitivo nicht täuschen...,,gustini,Gustini Online Shop,6.90,,"['DE / Wein und Prosecco / Rotwein ab 5 EUR', 'Mabis']",
http://ad.zanox.com/ppc/?20177713C1815612459&ULP=[[http://www.gustini.at/casato-di-melzi-salice-salentino-doc-riserva-apulien-rotwein-a61140r50194147.html?afpartner=03]],http://www.gustini.at/artikelbilder/61140.jpg,Casato di Melzi Salice Salentino DOC Riserva Apulien Rotwein,Goldmedaille für diesen außergewöhnlichen apulischen Rotwein! Die göttliche Cuvée aus Negro-Amaro und Black Malvasia harmoniert mit vollmundigem Geschmack und verführerisch fruchtigen Aromen ...,,gustini,Gustini Online Shop,8.90,,"['AT / Wein und Prosecco / Rotwein ab 5 EUR', 'Mabis']",
http://ad.zanox.com/ppc/?20177713C1815612459&ULP=[[http://www.gustini.de/casato-di-melzi-salice-salentino-doc-riserva-apulien-rotwein-a61140r50194147.html?afpartner=03]],http://www.gustini.de/artikelbilder/61140.jpg,Casato di Melzi Salice Salentino DOC Riserva Apulien Rotwein,Goldmedaille für diesen außergewöhnlichen apulischen Rotwein! Die göttliche Cuvée aus Negro-Amaro und Black Malvasia harmoniert mit vollmundigem Geschmack und verführerisch fruchtigen Aromen ...,,gustini,Gustini Online Shop,8.90,,"['DE / Wein und Prosecco / Rotwein ab 5 EUR', 'Mabis']",
http://ad.zanox.com/ppc/?20177713C1815612459&ULP=[[http://www.gustini.at/diamond-corvina-cabernet-sauvignon-igt-veneto-a61141r50194216.html?afpartner=03]],http://www.gustini.at/artikelbilder/61141.jpg,Diamond Corvina Cabernet Sauvignon IGT Veneto,Einer der besten Rotweine 2012 verziert mit 3 Diamanten! Die äußerst seltene und wertvolle Rebsorte Corvina Veronese überzeugt mit einem wundervollen Aroma von Vanille und Marmelade und einem Hauch ...,,gustini,Gustini Online Shop,13.90,,"['AT / Wein und Prosecco / Rotwein ab 10 EUR', 'Mabis']",
http://ad.zanox.com/ppc/?20177713C1815612459&ULP=[[http://www.gustini.de/diamond-corvina-cabernet-sauvignon-igt-veneto-a61141r50194216.html?afpartner=03]],http://www.gustini.de/artikelbilder/61141.jpg,Diamond Corvina Cabernet Sauvignon IGT Veneto,Einer der besten Rotweine 2012 verziert mit 3 Diamanten! Die äußerst seltene und wertvolle Rebsorte Corvina Veronese überzeugt mit einem wundervollen Aroma von Vanille und Marmelade und einem Hauch ...,,gustini,Gustini Online Shop,13.90,,"['DE / Wein und Prosecco / Rotwein ab 10 EUR', 'Mabis']",
http://ad.zanox.com/ppc/?20177713C1815612459&ULP=[[http://www.gustini.at/diamond-amarone-classico-a61142r50194216.html?afpartner=03]],http://www.gustini.at/artikelbilder/61142.jpg,Diamond Amarone Classico,"Seinen besonders intensiven Geschmack und den süßen Duft verdankt der Amarone der Herstellungsart, denn vor dem Keltern werden die Trauben der Rebsorten Corvina, Rondinella und Molinara getrocknet.",,gustini,Gustini Online Shop,39.90,,"['AT / Wein und Prosecco / Rotwein ab 10 EUR', 'Mabis']",
http://ad.zanox.com/ppc/?20177713C1815612459&ULP=[[http://www.gustini.de/diamond-amarone-classico-a61142r50194216.html?afpartner=03]],http://www.gustini.de/artikelbilder/61142.jpg,Diamond Amarone Classico,"Seinen besonders intensiven Geschmack und den süßen Duft verdankt der Amarone der Herstellungsart, denn vor dem Keltern werden die Trauben der Rebsorten Corvina, Rondinella und Molinara getrocknet.",,gustini,Gustini Online Shop,39.90,,"['DE / Wein und Prosecco / Rotwein ab 10 EUR', 'Mabis']",
http://ad.zanox.com/ppc/?20177713C1815612459&ULP=[[http://www.gustini.at/assurdo-pinot-nero-undnero-d-avola-baglio-gibellina-a61144r50194216.html?afpartner=03]],http://www.gustini.at/artikelbilder/61144.jpg,Assurdo Pinot Nero und Nero d Avola Baglio Gibellina,Goldmedaille bei Mundus Vini 2012! Der perfekte Wein für die Festtage: Mit seinen an Weihnachten erinnernden Noten von Lebkuchen und Nelken harmoniert dieser sizilianische Rotwein besonders gut mit ...,,gustini,Gustini Online Shop,12.90,,"['AT / Wein und Prosecco / Rotwein ab 10 EUR', 'Mabis']",
http://ad.zanox.com/ppc/?20177713C1815612459&ULP=[[http://www.gustini.de/assurdo-pinot-nero-undnero-d-avola-baglio-gibellina-a61144r50194216.html?afpartner=03]],http://www.gustini.de/artikelbilder/61144.jpg,Assurdo Pinot Nero und Nero d Avola Baglio Gibellina,Goldmedaille bei Mundus Vini 2012! Der perfekte Wein für die Festtage: Mit seinen an Weihnachten erinnernden Noten von Lebkuchen und Nelken harmoniert dieser sizilianische Rotwein besonders gut mit ...,,gustini,Gustini Online Shop,12.90,,"['DE / Wein und Prosecco / Rotwein ab 10 EUR', 'Mabis']",
http://ad.zanox.com/ppc/?20177713C1815612459&ULP=[[http://www.gustini.at/baglio-gibellina-terremoto-rosso-merlot-nero-d-avola-a61145r50194216.html?afpartner=03]],http://www.gustini.at/artikelbilder/61145.jpg,Baglio Gibellina Terremoto Rosso Merlot Nero d Avola,"Testsieger! Ein wundervoller Duft von Mandeln und Marzipan umschmeicheln die Nase. Über zwei Jahre in alten Barique Fässern gereift, besticht diese Cuvée mit sanften Tanninen, fruchtigen Noten von Kirsche und Pflaume ...",,gustini,Gustini Online Shop,15.90,,"['AT / Wein und Prosecco / Rotwein ab 10 EUR', 'Mabis']",
http://ad.zanox.com/ppc/?20177713C1815612459&ULP=[[http://www.gustini.de/baglio-gibellina-terremoto-rosso-merlot-nero-d-avola-a61145r50194216.html?afpartner=03]],http://www.gustini.de/artikelbilder/61145.jpg,Baglio Gibellina Terremoto Rosso Merlot Nero d Avola,"Testsieger! Ein wundervoller Duft von Mandeln und Marzipan umschmeicheln die Nase. Über zwei Jahre in alten Barique Fässern gereift, besticht diese Cuvée mit sanften Tanninen, fruchtigen Noten von Kirsche und Pflaume ...",,gustini,Gustini Online Shop,15.90,,"['DE / Wein und Prosecco / Rotwein ab 10 EUR', 'Mabis']",
http://ad.zanox.com/ppc/?20177713C1815612459&ULP=[[http://www.gustini.at/maestro-sangiovese-igt-puglia-rotwein-aus-apulien-a61146r50194039.html?afpartner=03]],http://www.gustini.at/artikelbilder/61146.jpg,Maestro Sangiovese IGT Puglia Rotwein aus Apulien,Aus dem sonnigen und warmen Apulien kommt dieser gefällige Sangiovese-Rotwein. Er zeigt ein kraftvolles und dennoch elegantes Aromenspiel von reifen roten Beeren und einen Hauch von Süße im Abgang.,,gustini,Gustini Online Shop,4.95,,"['AT / Wein und Prosecco / Rotwein unter 5 EUR', 'Castello Maestro']",
http://ad.zanox.com/ppc/?20177713C1815612459&ULP=[[http://www.gustini.de/maestro-sangiovese-igt-puglia-rotwein-aus-apulien-a61146r50194039.html?afpartner=03]],http://www.gustini.de/artikelbilder/61146.jpg,Maestro Sangiovese IGT Puglia Rotwein aus Apulien,Aus dem sonnigen und warmen Apulien kommt dieser gefällige Sangiovese-Rotwein. Er zeigt ein kraftvolles und dennoch elegantes Aromenspiel von reifen roten Beeren und einen Hauch von Süße im Abgang.,,gustini,Gustini Online Shop,4.95,,"['DE / Wein und Prosecco / Rotwein unter 5 EUR', 'Castello Maestro']",
http://ad.zanox.com/ppc/?20177713C1815612459&ULP=[[http://www.gustini.at/pinot-grigio-casa-defra-2010-venetien-weisswein-a62009r50194054.html?afpartner=03]],http://www.gustini.at/artikelbilder/62009.jpg,Pinot Grigio Casa Defra 2010 Venetien Weisswein,"Wer auf der Suche nach einem frischen, fruchtigen Weißwein für die warme Jahreszeit ist, der greife zu diesem Tropfen. Denn dieser strahlend klare Pinot Grigio ist schmelzig und körperreich am Gaumen ohne störende Säure.",,gustini,Gustini Online Shop,5.95,,"['AT / Wein und Prosecco / Wei\xc3\x9fwein', 'Casa Defra']",
http://ad.zanox.com/ppc/?20177713C1815612459&ULP=[[http://www.gustini.de/pinot-grigio-casa-defra-2010-venetien-weisswein-a62009r50194054.html?afpartner=03]],http://www.gustini.de/artikelbilder/62009.jpg,Pinot Grigio Casa Defra 2010 Venetien Weisswein,"Wer auf der Suche nach einem frischen, fruchtigen Weißwein für die warme Jahreszeit ist, der greife zu diesem Tropfen. Denn dieser strahlend klare Pinot Grigio ist schmelzig und körperreich am Gaumen ohne störende Säure.",,gustini,Gustini Online Shop,5.95,,"['DE / Wein und Prosecco / Wei\xc3\x9fwein', 'Casa Defra']",
http://ad.zanox.com/ppc/?20177713C1815612459&ULP=[[http://www.gustini.at/chardonnay-colli-berici-doc-casa-defra-weisswein-italien-a62029r50194054.html?afpartner=03]],http://www.gustini.at/artikelbilder/62029.jpg,Chardonnay Colli Berici DOC Casa Defra Weisswein Italien,"Das charakteristische Strohgelb eines jeden Chardonnay findet sich auch in diesem Weißwein, der sich besonders durch seine feinen Apfelnoten und den Duft von frisch gebackener Brotrinde auszeichnet.",,gustini,Gustini Online Shop,4.99,,"['AT / Wein und Prosecco / Wei\xc3\x9fwein', 'Casa Defra']",
http://ad.zanox.com/ppc/?20177713C1815612459&ULP=[[http://www.gustini.de/chardonnay-colli-berici-doc-casa-defra-weisswein-italien-a62029r50194054.html?afpartner=03]],http://www.gustini.de/artikelbilder/62029.jpg,Chardonnay Colli Berici DOC Casa Defra Weisswein Italien,"Das charakteristische Strohgelb eines jeden Chardonnay findet sich auch in diesem Weißwein, der sich besonders durch seine feinen Apfelnoten und den Duft von frisch gebackener Brotrinde auszeichnet.",,gustini,Gustini Online Shop,4.99,,"['DE / Wein und Prosecco / Wei\xc3\x9fwein', 'Casa Defra']",
http://ad.zanox.com/ppc/?20177713C1815612459&ULP=[[http://www.gustini.at/sauvignon-colli-berici-doc-casa-defra-weisswein-italien-a62030r50194054.html?afpartner=03]],http://www.gustini.at/artikelbilder/62030.jpg,Sauvignon Colli Berici DOC Casa Defra Weisswein Italien,Animierend fruchtig ist die Aromenvielfalt dieses großartigen Sauvignons aus Venetien: Tropische Mango und erfrischende Johannis- und Stachelbeere können aus dem strohgelben Wein herausgeschmeckt werden.,,gustini,Gustini Online Shop,4.99,,"['AT / Wein und Prosecco / Wei\xc3\x9fwein', 'Casa Defra']",
http://ad.zanox.com/ppc/?20177713C1815612459&ULP=[[http://www.gustini.de/sauvignon-colli-berici-doc-casa-defra-weisswein-italien-a62030r50194054.html?afpartner=03]],http://www.gustini.de/artikelbilder/62030.jpg,Sauvignon Colli Berici DOC Casa Defra Weisswein Italien,Animierend fruchtig ist die Aromenvielfalt dieses großartigen Sauvignons aus Venetien: Tropische Mango und erfrischende Johannis- und Stachelbeere können aus dem strohgelben Wein herausgeschmeckt werden.,,gustini,Gustini Online Shop,4.99,,"['DE / Wein und Prosecco / Wei\xc3\x9fwein', 'Casa Defra']",
http://ad.zanox.com/ppc/?20177713C1815612459&ULP=[[http://www.gustini.at/pinot-bianco-colli-berici-doc-casa-defra-venetien-a62031r50194054.html?afpartner=03]],http://www.gustini.at/artikelbilder/62031.jpg,Pinot Bianco Colli Berici DOC Casa Defra Venetien,Aus dem Weinanbau gebiet Colli Berici südlich von Vicenza kommt dieser strohgelbe Pinot bianco zu uns. Er zeichnet sich durch den fruchtigen Duft von Bananen und ein volles Bukett von frisch getoastetem Brot aus.,,gustini,Gustini Online Shop,4.99,,"['AT / Wein und Prosecco / Wei\xc3\x9fwein', 'Casa Defra']",
http://ad.zanox.com/ppc/?20177713C1815612459&ULP=[[http://www.gustini.de/pinot-bianco-colli-berici-doc-casa-defra-venetien-a62031r50194054.html?afpartner=03]],http://www.gustini.de/artikelbilder/62031.jpg,Pinot Bianco Colli Berici DOC Casa Defra Venetien,Aus dem Weinanbau gebiet Colli Berici südlich von Vicenza kommt dieser strohgelbe Pinot bianco zu uns. Er zeichnet sich durch den fruchtigen Duft von Bananen und ein volles Bukett von frisch getoastetem Brot aus.,,gustini,Gustini Online Shop,4.99,,"['DE / Wein und Prosecco / Wei\xc3\x9fwein', 'Casa Defra']",
http://ad.zanox.com/ppc/?20177713C1815612459&ULP=[[http://www.gustini.at/pinot-grigio-rose-casa-defra-venetien-a62033r50194183.html?afpartner=03]],http://www.gustini.at/artikelbilder/62033.jpg,Pinot Grigio Rose Casa Defra Venetien,"Ein zartes Rosa in Verbindung mit einem fruchtig-eleganten Bukett charakterisiert diesen Rosé, der als Begleiter zu leichten Speisen oder als Aperitif bestens geeignet ist.",,gustini,Gustini Online Shop,5.95,,"['AT / Wein und Prosecco / Rosewein', 'Casa Defra']",
http://ad.zanox.com/ppc/?20177713C1815612459&ULP=[[http://www.gustini.de/pinot-grigio-rose-casa-defra-venetien-a62033r50194183.html?afpartner=03]],http://www.gustini.de/artikelbilder/62033.jpg,Pinot Grigio Rose Casa Defra Venetien,"Ein zartes Rosa in Verbindung mit einem fruchtig-eleganten Bukett charakterisiert diesen Rosé, der als Begleiter zu leichten Speisen oder als Aperitif bestens geeignet ist.",,gustini,Gustini Online Shop,5.95,,"['DE / Wein und Prosecco / Rosewein', 'Casa Defra']",
http://ad.zanox.com/ppc/?20177713C1815612459&ULP=[[http://www.gustini.at/soave-doc-duca-della-rocca-weisswein-venetien-a62038r50194054.html?afpartner=03]],http://www.gustini.at/artikelbilder/62038.jpg,Soave DOC Duca della Rocca Weisswein Venetien,"Einer der am vielfältigsten einzusetzenden Weine ist der Soave, der sowohl als Aperitif als auch zu Antipasti und Risotto, aber auch zu Fischgerichten (z.B. Sushi) und hellem Fleisch gut getrunken werden kann.",,gustini,Gustini Online Shop,3.95,,"['AT / Wein und Prosecco / Wei\xc3\x9fwein', 'Corte Viola']",
http://ad.zanox.com/ppc/?20177713C1815612459&ULP=[[http://www.gustini.de/soave-doc-duca-della-rocca-weisswein-venetien-a62038r50194054.html?afpartner=03]],http://www.gustini.de/artikelbilder/62038.jpg,Soave DOC Duca della Rocca Weisswein Venetien,"Einer der am vielfältigsten einzusetzenden Weine ist der Soave, der sowohl als Aperitif als auch zu Antipasti und Risotto, aber auch zu Fischgerichten (z.B. Sushi) und hellem Fleisch gut getrunken werden kann.",,gustini,Gustini Online Shop,3.95,,"['DE / Wein und Prosecco / Wei\xc3\x9fwein', 'Corte Viola']",
http://ad.zanox.com/ppc/?20177713C1815612459&ULP=[[http://www.gustini.at/vermentino-di-sardegna-doc-terre-dell-isola-weisswein-sardinien-a62039r50194054.html?afpartner=03]],http://www.gustini.at/artikelbilder/62039.jpg,Vermentino di Sardegna DOC Terre dell Isola Weißwein Sardinien,"In einem hellen Strohgelb präsentiert sich dieser bedeutendste Weißwein Sardiniens, der seit 1988 DOC-Status genießt. Servieren Sie ihn zu hellem Fleisch oder Fischgerichten - auch Sushi!",,gustini,Gustini Online Shop,5.95,,"['AT / Wein und Prosecco / Wei\xc3\x9fwein', 'Terre dell&apos; Isola']",
http://ad.zanox.com/ppc/?20177713C1815612459&ULP=[[http://www.gustini.de/vermentino-di-sardegna-doc-terre-dell-isola-weisswein-sardinien-a62039r50194054.html?afpartner=03]],http://www.gustini.de/artikelbilder/62039.jpg,Vermentino di Sardegna DOC Terre dell Isola Weißwein Sardinien,"In einem hellen Strohgelb präsentiert sich dieser bedeutendste Weißwein Sardiniens, der seit 1988 DOC-Status genießt. Servieren Sie ihn zu hellem Fleisch oder Fischgerichten - auch Sushi!",,gustini,Gustini Online Shop,5.95,,"['DE / Wein und Prosecco / Wei\xc3\x9fwein', 'Terre dell&apos; Isola']",
http://ad.zanox.com/ppc/?20177713C1815612459&ULP=[[http://www.gustini.at/sicilia-bianco-igt-cantine-colosi-sizilien-weisswein-italien-a62045r50194054.html?afpartner=03]],http://www.gustini.at/artikelbilder/62045.jpg,Sicilia Bianco IGT Cantine Colosi Sizilien Weißwein Italien,Eine feine strohgelbe Farbe und einen Duftcocktail von grünem Apfel mit leisen floralen und Zitronennoten präsentiert dieser sizilianische Weißwein. Eine angenehme Säure schmeichelt dem Gaumen.,,gustini,Gustini Online Shop,7.95,,"['AT / Wein und Prosecco / Wei\xc3\x9fwein', 'Cantine Colosi']",
http://ad.zanox.com/ppc/?20177713C1815612459&ULP=[[http://www.gustini.de/sicilia-bianco-igt-cantine-colosi-sizilien-weisswein-italien-a62045r50194054.html?afpartner=03]],http://www.gustini.de/artikelbilder/62045.jpg,Sicilia Bianco IGT Cantine Colosi Sizilien Weißwein Italien,Eine feine strohgelbe Farbe und einen Duftcocktail von grünem Apfel mit leisen floralen und Zitronennoten präsentiert dieser sizilianische Weißwein. Eine angenehme Säure schmeichelt dem Gaumen.,,gustini,Gustini Online Shop,7.95,,"['DE / Wein und Prosecco / Wei\xc3\x9fwein', 'Cantine Colosi']",
http://ad.zanox.com/ppc/?20177713C1815612459&ULP=[[http://www.gustini.at/salina-bianco-igt-weisswein-von-einer-kleinen-insel-vor-sizilien-a62046r50194054.html?afpartner=03]],http://www.gustini.at/artikelbilder/62046.jpg,Salina Bianco IGT Weißwein von einer kleinen Insel vor Sizilien,"In einem sanftes Strohgelb mit feinen grünen Reflexen erstrahlt dieser sizilianische Weißwein im Glas. Es duftet nach Frühlingsblumen, wenn Sie ihn einschenken. Sein fruchtiges und frisches Aroma wird Sie begeistern.",,gustini,Gustini Online Shop,11.90,,"['AT / Wein und Prosecco / Wei\xc3\x9fwein', 'Cantine Colosi']",
http://ad.zanox.com/ppc/?20177713C1815612459&ULP=[[http://www.gustini.de/salina-bianco-igt-weisswein-von-einer-kleinen-insel-vor-sizilien-a62046r50194054.html?afpartner=03]],http://www.gustini.de/artikelbilder/62046.jpg,Salina Bianco IGT Weißwein von einer kleinen Insel vor Sizilien,"In einem sanftes Strohgelb mit feinen grünen Reflexen erstrahlt dieser sizilianische Weißwein im Glas. Es duftet nach Frühlingsblumen, wenn Sie ihn einschenken. Sein fruchtiges und frisches Aroma wird Sie begeistern.",,gustini,Gustini Online Shop,11.90,,"['DE / Wein und Prosecco / Wei\xc3\x9fwein', 'Cantine Colosi']",
http://ad.zanox.com/ppc/?20177713C1815612459&ULP=[[http://www.gustini.at/pianoro-trebbiano-d-abruzzo-doc-weisswein-abruzzen-a62049r50194054.html?afpartner=03]],http://www.gustini.at/artikelbilder/62049.jpg,Pianoro Trebbiano d Abruzzo DOC Weisswein Abruzzen,Charakteristisch für diesen Wein ist seine strohgelbe Farbe. Mit seiner frischen und dennoch ausgewogenen Säure ist er der ideale Begleiter zu Fischgerichten.,,gustini,Gustini Online Shop,6.95,,"['AT / Wein und Prosecco / Wei\xc3\x9fwein', 'Pianoro']",
http://ad.zanox.com/ppc/?20177713C1815612459&ULP=[[http://www.gustini.de/pianoro-trebbiano-d-abruzzo-doc-weisswein-abruzzen-a62049r50194054.html?afpartner=03]],http://www.gustini.de/artikelbilder/62049.jpg,Pianoro Trebbiano d Abruzzo DOC Weisswein Abruzzen,Charakteristisch für diesen Wein ist seine strohgelbe Farbe. Mit seiner frischen und dennoch ausgewogenen Säure ist er der ideale Begleiter zu Fischgerichten.,,gustini,Gustini Online Shop,6.95,,"['DE / Wein und Prosecco / Wei\xc3\x9fwein', 'Pianoro']",
http://ad.zanox.com/ppc/?20177713C1815612459&ULP=[[http://www.gustini.at/pianoro-cerasuolo-doc-rose-aus-100-prozent-montepulciano-rosewein-abruzzen-a62050r50194183.html?afpartner=03]],http://www.gustini.at/artikelbilder/62050.jpg,Pianoro Cerasuolo DOC Rose aus 100 Prozent Montepulciano Rosewein Abruzzen,Zu 100% aus der Rebsorte Montepulciano wird dieser sommerlich leichte Roséwein gewonnen. Ein willkommener Gast auf jeder Grillparty auf der sommerlich warmen Terrasse.,,gustini,Gustini Online Shop,7.49,,"['AT / Wein und Prosecco / Rosewein', 'Pianoro']",
http://ad.zanox.com/ppc/?20177713C1815612459&ULP=[[http://www.gustini.de/pianoro-cerasuolo-doc-rose-aus-100-prozent-montepulciano-rosewein-abruzzen-a62050r50194183.html?afpartner=03]],http://www.gustini.de/artikelbilder/62050.jpg,Pianoro Cerasuolo DOC Rose aus 100 Prozent Montepulciano Rosewein Abruzzen,Zu 100% aus der Rebsorte Montepulciano wird dieser sommerlich leichte Roséwein gewonnen. Ein willkommener Gast auf jeder Grillparty auf der sommerlich warmen Terrasse.,,gustini,Gustini Online Shop,7.49,,"['DE / Wein und Prosecco / Rosewein', 'Pianoro']",
http://ad.zanox.com/ppc/?20177713C1815612459&ULP=[[http://www.gustini.at/pigato-doc-frantoio-venturino-ligurischer-weisswein-a62051r50194054.html?afpartner=03]],http://www.gustini.at/artikelbilder/62051.jpg,Pigato DOC Frantoio Venturino ligurischer Weißwein,Aus dem Westen Liguriens stammt dieser fruchtige strohgelbe Weißwein mit seinen sanften Pfirsich-Noten. Ein idealer Begleiter zu Fischgerichten.,,gustini,Gustini Online Shop,14.90,,"['AT / Wein und Prosecco / Wei\xc3\x9fwein', 'Frantoio Venturino']",
http://ad.zanox.com/ppc/?20177713C1815612459&ULP=[[http://www.gustini.de/pigato-doc-frantoio-venturino-ligurischer-weisswein-a62051r50194054.html?afpartner=03]],http://www.gustini.de/artikelbilder/62051.jpg,Pigato DOC Frantoio Venturino ligurischer Weißwein,Aus dem Westen Liguriens stammt dieser fruchtige strohgelbe Weißwein mit seinen sanften Pfirsich-Noten. Ein idealer Begleiter zu Fischgerichten.,,gustini,Gustini Online Shop,14.90,,"['DE / Wein und Prosecco / Wei\xc3\x9fwein', 'Frantoio Venturino']",
http://ad.zanox.com/ppc/?20177713C1815612459&ULP=[[http://www.gustini.at/lugana-classico-doc-weisswein-lugana-vom-gardasee-a62052r50194054.html?afpartner=03]],http://www.gustini.at/artikelbilder/62052.jpg,Lugana Classico DOC Weißwein Lugana vom Gardasee,Vom schönen Gardasee kommt dieser strohgelbe Wein mit seinen blumigen und fruchtigen Noten von Zitrusfrüchten und Pfirsich. Geschmacklich ist er erfrischend und mineralisch. Ein guter Sommerwein.,,gustini,Gustini Online Shop,9.90,,"['AT / Wein und Prosecco / Wei\xc3\x9fwein', 'Mabis']",
http://ad.zanox.com/ppc/?20177713C1815612459&ULP=[[http://www.gustini.de/lugana-classico-doc-weisswein-lugana-vom-gardasee-a62052r50194054.html?afpartner=03]],http://www.gustini.de/artikelbilder/62052.jpg,Lugana Classico DOC Weißwein Lugana vom Gardasee,Vom schönen Gardasee kommt dieser strohgelbe Wein mit seinen blumigen und fruchtigen Noten von Zitrusfrüchten und Pfirsich. Geschmacklich ist er erfrischend und mineralisch. Ein guter Sommerwein.,,gustini,Gustini Online Shop,9.90,,"['DE / Wein und Prosecco / Wei\xc3\x9fwein', 'Mabis']",
http://ad.zanox.com/ppc/?20177713C1815612459&ULP=[[http://www.gustini.at/cielo-9%b0-perlwein-trocken-frizzante-bianco-italien-a62053r50194054.html?afpartner=03]],http://www.gustini.at/artikelbilder/62053.jpg,Cielo 9° Perlwein trocken Frizzante Bianco Italien,Aus der edlen Garganega-Traube wird dieser fein perlende Wein gewonnen. Verspielt umströmen feine Zitrusdüfte die Nase und erfrischende perlen verwöhnen den Gaumen.,,gustini,Gustini Online Shop,3.99,,"['AT / Wein und Prosecco / Wei\xc3\x9fwein', 'Casa Defra']",
http://ad.zanox.com/ppc/?20177713C1815612459&ULP=[[http://www.gustini.de/cielo-9%b0-perlwein-trocken-frizzante-bianco-italien-a62053r50194054.html?afpartner=03]],http://www.gustini.de/artikelbilder/62053.jpg,Cielo 9° Perlwein trocken Frizzante Bianco Italien,Aus der edlen Garganega-Traube wird dieser fein perlende Wein gewonnen. Verspielt umströmen feine Zitrusdüfte die Nase und erfrischende perlen verwöhnen den Gaumen.,,gustini,Gustini Online Shop,3.99,,"['DE / Wein und Prosecco / Wei\xc3\x9fwein', 'Casa Defra']",
http://ad.zanox.com/ppc/?20177713C1815612459&ULP=[[http://www.gustini.at/cielo-9-frizzante-rosato-venetien-casa-defra-italien-rose-a62054r50194183.html?afpartner=03]],http://www.gustini.at/artikelbilder/62054.jpg,Cielo 9 Frizzante Rosato Venetien Casa Defra Italien Rose,Ein herrlich fruchtiger Frizzante mit dem Geschmack frischer Himbeeren. Eine köstlich-prickelnde Erfrischung durch das himmlische Cuvée aus Merlot und Raboso.,,gustini,Gustini Online Shop,3.99,,"['AT / Wein und Prosecco / Rosewein', 'Casa Defra']",
http://ad.zanox.com/ppc/?20177713C1815612459&ULP=[[http://www.gustini.de/cielo-9-frizzante-rosato-venetien-casa-defra-italien-rose-a62054r50194183.html?afpartner=03]],http://www.gustini.de/artikelbilder/62054.jpg,Cielo 9 Frizzante Rosato Venetien Casa Defra Italien Rose,Ein herrlich fruchtiger Frizzante mit dem Geschmack frischer Himbeeren. Eine köstlich-prickelnde Erfrischung durch das himmlische Cuvée aus Merlot und Raboso.,,gustini,Gustini Online Shop,3.99,,"['DE / Wein und Prosecco / Rosewein', 'Casa Defra']",
http://ad.zanox.com/ppc/?20177713C1815612459&ULP=[[http://www.gustini.at/lugana-doc-weisswein-venetien-italien-a62055r50194054.html?afpartner=03]],http://www.gustini.at/artikelbilder/62055.jpg,Lugana DOC Weißwein Venetien Italien,Ein eleganter Weißwein mit floralen Aromen und einer mandeligen Note. Einem Soave recht ähnlich und vorwiegend aus Trebbiano (di Soave) gekeltert.,,gustini,Gustini Online Shop,15.49,,"['AT / Wein und Prosecco / Wei\xc3\x9fwein', '']",
http://ad.zanox.com/ppc/?20177713C1815612459&ULP=[[http://www.gustini.de/lugana-doc-weisswein-venetien-italien-a62055r50194054.html?afpartner=03]],http://www.gustini.de/artikelbilder/62055.jpg,Lugana DOC Weißwein Venetien Italien,Ein eleganter Weißwein mit floralen Aromen und einer mandeligen Note. Einem Soave recht ähnlich und vorwiegend aus Trebbiano (di Soave) gekeltert.,,gustini,Gustini Online Shop,15.49,,"['DE / Wein und Prosecco / Wei\xc3\x9fwein', '']",
http://ad.zanox.com/ppc/?20177713C1815612459&ULP=[[http://www.gustini.at/bianco-di-custoza-doc-vini-pasqua-venetien-a62057r50194054.html?afpartner=03]],http://www.gustini.at/artikelbilder/62057.jpg,Bianco di Custoza DOC Vini Pasqua Venetien,"Südwestlich des Gardasees ist dieser strohgelbe Wein entstanden. Er zeichnet sich durch intensive Düften von Blumen und Früchten aus. Ein Bukett von Sommer, das erfrischt.",,gustini,Gustini Online Shop,4.99,,"['AT / Wein und Prosecco / Wei\xc3\x9fwein', '']",
http://ad.zanox.com/ppc/?20177713C1815612459&ULP=[[http://www.gustini.de/bianco-di-custoza-doc-vini-pasqua-venetien-a62057r50194054.html?afpartner=03]],http://www.gustini.de/artikelbilder/62057.jpg,Bianco di Custoza DOC Vini Pasqua Venetien,"Südwestlich des Gardasees ist dieser strohgelbe Wein entstanden. Er zeichnet sich durch intensive Düften von Blumen und Früchten aus. Ein Bukett von Sommer, das erfrischt.",,gustini,Gustini Online Shop,4.99,,"['DE / Wein und Prosecco / Wei\xc3\x9fwein', '']",
http://ad.zanox.com/ppc/?20177713C1815612459&ULP=[[http://www.gustini.at/orgoglio-pinot-grigio-e-zibibbo-baglio-gibellina-rtowein-sizilien-a62061r50194054.html?afpartner=03]],http://www.gustini.at/artikelbilder/62061.jpg,Orgoglio Pinot Grigio e Zibibbo Baglio Gibellina Rtowein Sizilien,Aus Sizilien stammt diese strohgelbe Cuvée aus Pinot Grigio (=Grauburgunder) und Zibibbo. Mit seinen Noten von Zitrone und den mineralischen Einspielungen harmoniert er hervorragend mit Pilzgerichten...,,gustini,Gustini Online Shop,10.90,,"['AT / Wein und Prosecco / Wei\xc3\x9fwein', 'Mabis']",
http://ad.zanox.com/ppc/?20177713C1815612459&ULP=[[http://www.gustini.de/orgoglio-pinot-grigio-e-zibibbo-baglio-gibellina-rtowein-sizilien-a62061r50194054.html?afpartner=03]],http://www.gustini.de/artikelbilder/62061.jpg,Orgoglio Pinot Grigio e Zibibbo Baglio Gibellina Rtowein Sizilien,Aus Sizilien stammt diese strohgelbe Cuvée aus Pinot Grigio (=Grauburgunder) und Zibibbo. Mit seinen Noten von Zitrone und den mineralischen Einspielungen harmoniert er hervorragend mit Pilzgerichten...,,gustini,Gustini Online Shop,10.90,,"['DE / Wein und Prosecco / Wei\xc3\x9fwein', 'Mabis']",
http://ad.zanox.com/ppc/?20177713C1815612459&ULP=[[http://www.gustini.at/pro-rose-secco-rosato-frizzante-a63003r50194035.html?afpartner=03]],http://www.gustini.at/artikelbilder/63003.jpg,Pro Rose Secco Rosato Frizzante,"Er schmeckt intensiv nach frischen Himbeeren, Erdbeeren und einem Hauch von Gewürzen. Er perlt lange und umspielt frech den Gaumen. Unser Urteil: Lecker, frisch und fruchtig und noch dazu extrem günstig!",,gustini,Gustini Online Shop,3.99,,"['AT / Wein und Prosecco / Prosecco und Spumante', 'Villa Armellina']",
http://ad.zanox.com/ppc/?20177713C1815612459&ULP=[[http://www.gustini.de/pro-rose-secco-rosato-frizzante-a63003r50194035.html?afpartner=03]],http://www.gustini.de/artikelbilder/63003.jpg,Pro Rose Secco Rosato Frizzante,"Er schmeckt intensiv nach frischen Himbeeren, Erdbeeren und einem Hauch von Gewürzen. Er perlt lange und umspielt frech den Gaumen. Unser Urteil: Lecker, frisch und fruchtig und noch dazu extrem günstig!",,gustini,Gustini Online Shop,3.99,,"['DE / Wein und Prosecco / Prosecco und Spumante', 'Villa Armellina']",
http://ad.zanox.com/ppc/?20177713C1815612459&ULP=[[http://www.gustini.at/pro-rose-secco-rosato-frizzante-12-flaschen-vorteilspaket-a63007r50194035.html?afpartner=03]],http://www.gustini.at/artikelbilder/63007.jpg,Pro Rose Secco Rosato Frizzante 12 Flaschen Vorteilspaket,"Ein prickelnd-fruchtiger Geschmack von Himbeeren, Erdbeeren und ein feiner Hauch von Gewürzen. Das an sich schon extrem günstige Angebot einer Flasche übertreffen wir mit diesem Angebot von 12 Flaschen zum Vorteilspreis.",,gustini,Gustini Online Shop,44.90,,"['AT / Wein und Prosecco / Prosecco und Spumante', 'Villa Armellina']",
http://ad.zanox.com/ppc/?20177713C1815612459&ULP=[[http://www.gustini.de/pro-rose-secco-rosato-frizzante-12-flaschen-vorteilspaket-a63007r50194035.html?afpartner=03]],http://www.gustini.de/artikelbilder/63007.jpg,Pro Rose Secco Rosato Frizzante 12 Flaschen Vorteilspaket,"Ein prickelnd-fruchtiger Geschmack von Himbeeren, Erdbeeren und ein feiner Hauch von Gewürzen. Das an sich schon extrem günstige Angebot einer Flasche übertreffen wir mit diesem Angebot von 12 Flaschen zum Vorteilspreis.",,gustini,Gustini Online Shop,44.90,,"['DE / Wein und Prosecco / Prosecco und Spumante', 'Villa Armellina']",
http://ad.zanox.com/ppc/?20177713C1815612459&ULP=[[http://www.gustini.at/fragolino-rosso-villa-giulia-contri-italien-perlwein-a63008r50194035.html?afpartner=03]],http://www.gustini.at/artikelbilder/63008.jpg,Fragolino Rosso Villa Giulia Contri Italien Perlwein,Ein herrlich fruchtiger Geschmack frischer Erdbeeren zeichnet diesen Perlwein auf Schaumweinbasis aus. Eine köstlich-prickelnde Erfrischung für Ihre Sommerparty oder zum romantischen Dinner for 2.,,gustini,Gustini Online Shop,3.99,,"['AT / Wein und Prosecco / Prosecco und Spumante', 'Contri Spumanti']",
http://ad.zanox.com/ppc/?20177713C1815612459&ULP=[[http://www.gustini.de/fragolino-rosso-villa-giulia-contri-italien-perlwein-a63008r50194035.html?afpartner=03]],http://www.gustini.de/artikelbilder/63008.jpg,Fragolino Rosso Villa Giulia Contri Italien Perlwein,Ein herrlich fruchtiger Geschmack frischer Erdbeeren zeichnet diesen Perlwein auf Schaumweinbasis aus. Eine köstlich-prickelnde Erfrischung für Ihre Sommerparty oder zum romantischen Dinner for 2.,,gustini,Gustini Online Shop,3.99,,"['DE / Wein und Prosecco / Prosecco und Spumante', 'Contri Spumanti']",
http://ad.zanox.com/ppc/?20177713C1815612459&ULP=[[http://www.gustini.at/fragolino-bianco-corte-viola-italien-contri-perlwein-a63009r50194035.html?afpartner=03]],http://www.gustini.at/artikelbilder/63009.jpg,Fragolino Bianco Corte Viola Italien Contri Perlwein,Der fruchtige Erdbeergeschmack des Fragolinos in einem goldgelben Perlwein. Eine köstlich-prickelnde Erfrischung für Ihre Sommerparty.,,gustini,Gustini Online Shop,3.99,,"['AT / Wein und Prosecco / Prosecco und Spumante', 'Contri Spumanti']",
http://ad.zanox.com/ppc/?20177713C1815612459&ULP=[[http://www.gustini.de/fragolino-bianco-corte-viola-italien-contri-perlwein-a63009r50194035.html?afpartner=03]],http://www.gustini.de/artikelbilder/63009.jpg,Fragolino Bianco Corte Viola Italien Contri Perlwein,Der fruchtige Erdbeergeschmack des Fragolinos in einem goldgelben Perlwein. Eine köstlich-prickelnde Erfrischung für Ihre Sommerparty.,,gustini,Gustini Online Shop,3.99,,"['DE / Wein und Prosecco / Prosecco und Spumante', 'Contri Spumanti']",
http://ad.zanox.com/ppc/?20177713C1815612459&ULP=[[http://www.gustini.at/lambrusco-enovite-vino-frizzante-emilia-igt-a63010r50194035.html?afpartner=03]],http://www.gustini.at/artikelbilder/63010.jpg,Lambrusco Enovite Vino Frizzante Emilia IGT,"Eine schöne rote Farbe und ein liebliche Veilchenduft zeichnen diesen süßen Perlwein aus. Er hat einen reichen, schwindenden Schaum und ein reizvolles Bouquet.",,gustini,Gustini Online Shop,4.49,,"['AT / Wein und Prosecco / Prosecco und Spumante', 'Enovite']",
http://ad.zanox.com/ppc/?20177713C1815612459&ULP=[[http://www.gustini.de/lambrusco-enovite-vino-frizzante-emilia-igt-a63010r50194035.html?afpartner=03]],http://www.gustini.de/artikelbilder/63010.jpg,Lambrusco Enovite Vino Frizzante Emilia IGT,"Eine schöne rote Farbe und ein liebliche Veilchenduft zeichnen diesen süßen Perlwein aus. Er hat einen reichen, schwindenden Schaum und ein reizvolles Bouquet.",,gustini,Gustini Online Shop,4.49,,"['DE / Wein und Prosecco / Prosecco und Spumante', 'Enovite']",
http://ad.zanox.com/ppc/?20177713C1815612459&ULP=[[http://www.gustini.at/prosecco-di-treviso-frizzante-doc-venetien-a63016r50194035.html?afpartner=03]],http://www.gustini.at/artikelbilder/63016.jpg,Prosecco di Treviso frizzante DOC Venetien,Das prickelnde Vergnügen nicht nur für Silvester. Dieser Prosecco wird in der Region um Treviso in Venetien angebaut und verarbeitet und kommt damit aus der Heimat der besten Proseccos überhaupt.,,gustini,Gustini Online Shop,8.90,,"['AT / Wein und Prosecco / Prosecco und Spumante', 'Villa Armellina']",
http://ad.zanox.com/ppc/?20177713C1815612459&ULP=[[http://www.gustini.de/prosecco-di-treviso-frizzante-doc-venetien-a63016r50194035.html?afpartner=03]],http://www.gustini.de/artikelbilder/63016.jpg,Prosecco di Treviso frizzante DOC Venetien,Das prickelnde Vergnügen nicht nur für Silvester. Dieser Prosecco wird in der Region um Treviso in Venetien angebaut und verarbeitet und kommt damit aus der Heimat der besten Proseccos überhaupt.,,gustini,Gustini Online Shop,8.90,,"['DE / Wein und Prosecco / Prosecco und Spumante', 'Villa Armellina']",
http://ad.zanox.com/ppc/?20177713C1815612459&ULP=[[http://www.gustini.at/sprizz-aperitivo-sprizzante-original-italienischer-aperitif-villa-armellina-italiano-a63018r50194035.html?afpartner=03]],http://www.gustini.at/artikelbilder/63018.jpg,Sprizz Aperitivo Sprizzante Original italienischer Aperitif Villa Armellina Italiano,Dieser Cocktail ist das Trendgetränk aus Italien: Der fruchtige Appetitanreger mit 7 % Vol. für jede Gelegenheit kann ganz einfach auf Eis serviert werden und dem Abend einen spritzigen Touch verleihen.,,gustini,Gustini Online Shop,5.95,,"['AT / Wein und Prosecco / Prosecco und Spumante', 'Villa Armellina']",
http://ad.zanox.com/ppc/?20177713C1815612459&ULP=[[http://www.gustini.de/sprizz-aperitivo-sprizzante-original-italienischer-aperitif-villa-armellina-italiano-a63018r50194035.html?afpartner=03]],http://www.gustini.de/artikelbilder/63018.jpg,Sprizz Aperitivo Sprizzante Original italienischer Aperitif Villa Armellina Italiano,Dieser Cocktail ist das Trendgetränk aus Italien: Der fruchtige Appetitanreger mit 7 % Vol. für jede Gelegenheit kann ganz einfach auf Eis serviert werden und dem Abend einen spritzigen Touch verleihen.,,gustini,Gustini Online Shop,5.95,,"['DE / Wein und Prosecco / Prosecco und Spumante', 'Villa Armellina']",
http://ad.zanox.com/ppc/?20177713C1815612459&ULP=[[http://www.gustini.at/bis-bis-prosecco-rosato-raboso-conti-neri-bisbis-a63020r50194035.html?afpartner=03]],http://www.gustini.at/artikelbilder/63020.jpg,Bis Bis Prosecco Rosato Raboso Conti Neri BisBis,Prickelnd-pinke Sinnlichkeit mit betörenden Waldbeeraromen & klarer Fruchtigkeit - so präsentiert sich der feinperlige BisBis aus Venetien. Verführerisch umspielen die feinen Perlen den Gaumen - Flirtlaune garantiert.,,gustini,Gustini Online Shop,5.95,,"['AT / Wein und Prosecco / Prosecco und Spumante', 'Conti Neri']",
http://ad.zanox.com/ppc/?20177713C1815612459&ULP=[[http://www.gustini.de/bis-bis-prosecco-rosato-raboso-conti-neri-bisbis-a63020r50194035.html?afpartner=03]],http://www.gustini.de/artikelbilder/63020.jpg,Bis Bis Prosecco Rosato Raboso Conti Neri BisBis,Prickelnd-pinke Sinnlichkeit mit betörenden Waldbeeraromen & klarer Fruchtigkeit - so präsentiert sich der feinperlige BisBis aus Venetien. Verführerisch umspielen die feinen Perlen den Gaumen - Flirtlaune garantiert.,,gustini,Gustini Online Shop,5.95,,"['DE / Wein und Prosecco / Prosecco und Spumante', 'Conti Neri']",
http://ad.zanox.com/ppc/?20177713C1815612459&ULP=[[http://www.gustini.at/fragolino-rosato-terre-del-sole-contri-spumanti-venetien-italien-a63021r50194183.html?afpartner=03]],http://www.gustini.at/artikelbilder/63021.jpg,Fragolino Rosato Terre del Sole Contri Spumanti Venetien Italien,"Das typische fruchtige Erdbeer-Aroma erhält dieser spritzige Perlwein von der Rebsorte Fragolino, die vor allem in Venetien kultiviert wird. Ein wunderbar anregender Genuss zum Anstoßen oder als Aperitif.",,gustini,Gustini Online Shop,3.99,,"['AT / Wein und Prosecco / Rosewein', 'Contri Spumanti']",
http://ad.zanox.com/ppc/?20177713C1815612459&ULP=[[http://www.gustini.de/fragolino-rosato-terre-del-sole-contri-spumanti-venetien-italien-a63021r50194183.html?afpartner=03]],http://www.gustini.de/artikelbilder/63021.jpg,Fragolino Rosato Terre del Sole Contri Spumanti Venetien Italien,"Das typische fruchtige Erdbeer-Aroma erhält dieser spritzige Perlwein von der Rebsorte Fragolino, die vor allem in Venetien kultiviert wird. Ein wunderbar anregender Genuss zum Anstoßen oder als Aperitif.",,gustini,Gustini Online Shop,3.99,,"['DE / Wein und Prosecco / Rosewein', 'Contri Spumanti']",
http://ad.zanox.com/ppc/?20177713C1815612459&ULP=[[http://www.gustini.at/fragolino-rosso-frizzante-conti-neri-erdbeer-kultgetraenk-aus-italien-a63023r50194035.html?afpartner=03]],http://www.gustini.at/artikelbilder/63023.jpg,Fragolino Rosso Frizzante Conti Neri Erdbeer Kultgetränk aus Italien,Schweben Sie auf einer Wolke aus feinen Perlen durch eine erdbeerig-fruchtige Sommerwelt und lassen Sie sich vom neuen italienischen Trendgetränk verzaubern!,,gustini,Gustini Online Shop,6.95,,"['AT / Wein und Prosecco / Prosecco und Spumante', 'Conti Neri']",
http://ad.zanox.com/ppc/?20177713C1815612459&ULP=[[http://www.gustini.de/fragolino-rosso-frizzante-conti-neri-erdbeer-kultgetraenk-aus-italien-a63023r50194035.html?afpartner=03]],http://www.gustini.de/artikelbilder/63023.jpg,Fragolino Rosso Frizzante Conti Neri Erdbeer Kultgetränk aus Italien,Schweben Sie auf einer Wolke aus feinen Perlen durch eine erdbeerig-fruchtige Sommerwelt und lassen Sie sich vom neuen italienischen Trendgetränk verzaubern!,,gustini,Gustini Online Shop,6.95,,"['DE / Wein und Prosecco / Prosecco und Spumante', 'Conti Neri']",
http://ad.zanox.com/ppc/?20177713C1815612459&ULP=[[http://www.gustini.at/prosecco-doc-casa-defra-italien-a63025r50194035.html?afpartner=03]],http://www.gustini.at/artikelbilder/63025.jpg,Prosecco DOC Casa Defra Italien,Ein helles Strohgelb zeigt dieser Prosecco aus dem Hause Casa Defra. Mit seinem delikaten Bukett und dem fruchtigen Geschmack eignet er sich hervorragend als Aperitif oder als Begleiter zu leichten Speisen.,,gustini,Gustini Online Shop,6.95,,"['AT / Wein und Prosecco / Prosecco und Spumante', 'Casa Defra']",
http://ad.zanox.com/ppc/?20177713C1815612459&ULP=[[http://www.gustini.de/prosecco-doc-casa-defra-italien-a63025r50194035.html?afpartner=03]],http://www.gustini.de/artikelbilder/63025.jpg,Prosecco DOC Casa Defra Italien,Ein helles Strohgelb zeigt dieser Prosecco aus dem Hause Casa Defra. Mit seinem delikaten Bukett und dem fruchtigen Geschmack eignet er sich hervorragend als Aperitif oder als Begleiter zu leichten Speisen.,,gustini,Gustini Online Shop,6.95,,"['DE / Wein und Prosecco / Prosecco und Spumante', 'Casa Defra']",
http://ad.zanox.com/ppc/?20177713C1815612459&ULP=[[http://www.gustini.at/frizzante-raboso-rose-casa-defra-italien-a63026r50194035.html?afpartner=03]],http://www.gustini.at/artikelbilder/63026.jpg,Frizzante Raboso Rose Casa Defra Italien,In einem bezaubernden hellen Rosa präsentiert sich dieser Perlwein mit seinen verführerischen Aromen von Waldbeere und Himbeere.,,gustini,Gustini Online Shop,5.95,,"['AT / Wein und Prosecco / Prosecco und Spumante', 'Casa Defra']",
http://ad.zanox.com/ppc/?20177713C1815612459&ULP=[[http://www.gustini.de/frizzante-raboso-rose-casa-defra-italien-a63026r50194035.html?afpartner=03]],http://www.gustini.de/artikelbilder/63026.jpg,Frizzante Raboso Rose Casa Defra Italien,In einem bezaubernden hellen Rosa präsentiert sich dieser Perlwein mit seinen verführerischen Aromen von Waldbeere und Himbeere.,,gustini,Gustini Online Shop,5.95,,"['DE / Wein und Prosecco / Prosecco und Spumante', 'Casa Defra']",
http://ad.zanox.com/ppc/?20177713C1815612459&ULP=[[http://www.gustini.at/rosato-frizzante-igt-venetien-italien-a63027r50194183.html?afpartner=03]],http://www.gustini.at/artikelbilder/63027.jpg,Rosato Frizzante IGT Venetien Italien,"Dieser rosafarbene Prickler wird aus der in Venezien heimischen Raboso-Traube gewonnen. Feine Noten von Himbeere, roten Johannisbeeren und ein zarter Rosenduft machen ihn unwiderstehlich.",,gustini,Gustini Online Shop,6.95,,"['AT / Wein und Prosecco / Rosewein', 'Viani & Co.']",
http://ad.zanox.com/ppc/?20177713C1815612459&ULP=[[http://www.gustini.de/rosato-frizzante-igt-venetien-italien-a63027r50194183.html?afpartner=03]],http://www.gustini.de/artikelbilder/63027.jpg,Rosato Frizzante IGT Venetien Italien,"Dieser rosafarbene Prickler wird aus der in Venezien heimischen Raboso-Traube gewonnen. Feine Noten von Himbeere, roten Johannisbeeren und ein zarter Rosenduft machen ihn unwiderstehlich.",,gustini,Gustini Online Shop,6.95,,"['DE / Wein und Prosecco / Rosewein', 'Viani & Co.']",
http://ad.zanox.com/ppc/?20177713C1815612459&ULP=[[http://www.gustini.at/vernaccia-nera-doc-spumante-secco-rot-charmatmethode-rocchi-paris-marken-a63028r50194035.html?afpartner=03]],http://www.gustini.at/artikelbilder/63028.jpg,Vernaccia Nera DOC Spumante Secco rot Charmatmethode Rocchi Paris Marken,Eine überraschende Neuentdeckung der letzten Jahre ist die Rebsorte Vernaccia nera. Aus ihr gewinnt man in Norditalien diesen Perlwein mit einem ausgeprägt traubigen Aroma.,,gustini,Gustini Online Shop,10.95,,"['AT / Wein und Prosecco / Prosecco und Spumante', 'Rocchi Paris']",
http://ad.zanox.com/ppc/?20177713C1815612459&ULP=[[http://www.gustini.de/vernaccia-nera-doc-spumante-secco-rot-charmatmethode-rocchi-paris-marken-a63028r50194035.html?afpartner=03]],http://www.gustini.de/artikelbilder/63028.jpg,Vernaccia Nera DOC Spumante Secco rot Charmatmethode Rocchi Paris Marken,Eine überraschende Neuentdeckung der letzten Jahre ist die Rebsorte Vernaccia nera. Aus ihr gewinnt man in Norditalien diesen Perlwein mit einem ausgeprägt traubigen Aroma.,,gustini,Gustini Online Shop,10.95,,"['DE / Wein und Prosecco / Prosecco und Spumante', 'Rocchi Paris']",
http://ad.zanox.com/ppc/?20177713C1815612459&ULP=[[http://www.gustini.at/bellini-cocktail-canella-aperitivo-a63031r50194035.html?afpartner=03]],http://www.gustini.at/artikelbilder/63031.jpg,Bellini Cocktail Canella Aperitivo,"Dieser in Venedig erfundene Cocktail ist sehr beliebt während des Karnevals, aber auch in den Sommermonaten ist das weinhaltige Getränk aus Prosecco und Pfirsich eine willkommene Erfrischung.",,gustini,Gustini Online Shop,2.99,,"['AT / Wein und Prosecco / Prosecco und Spumante', 'Canella']",
http://ad.zanox.com/ppc/?20177713C1815612459&ULP=[[http://www.gustini.de/bellini-cocktail-canella-aperitivo-a63031r50194035.html?afpartner=03]],http://www.gustini.de/artikelbilder/63031.jpg,Bellini Cocktail Canella Aperitivo,"Dieser in Venedig erfundene Cocktail ist sehr beliebt während des Karnevals, aber auch in den Sommermonaten ist das weinhaltige Getränk aus Prosecco und Pfirsich eine willkommene Erfrischung.",,gustini,Gustini Online Shop,2.99,,"['DE / Wein und Prosecco / Prosecco und Spumante', 'Canella']",
http://ad.zanox.com/ppc/?20177713C1815612459&ULP=[[http://www.gustini.at/spumante-brut-veneto-igt-schaumwein-italien-perlwein-trocken-villa-armellina-a63033r50194035.html?afpartner=03]],http://www.gustini.at/artikelbilder/63033.jpg,Spumante Brut Veneto IGT Schaumwein Italien Perlwein trocken Villa Armellina,Aus dem Herzen des Prosecco DOC-Gebietes kommt dieser elegante Spumante mit seinem fruchtigen Bouquet aus Zitronenfrüchten und saftigen Aprikosen. Das angenehme Frucht-Säure-Spiel macht Lust auf mehr und so...,,gustini,Gustini Online Shop,8.90,,"['AT / Wein und Prosecco / Prosecco und Spumante', 'Villa Armellina']",
http://ad.zanox.com/ppc/?20177713C1815612459&ULP=[[http://www.gustini.de/spumante-brut-veneto-igt-schaumwein-italien-perlwein-trocken-villa-armellina-a63033r50194035.html?afpartner=03]],http://www.gustini.de/artikelbilder/63033.jpg,Spumante Brut Veneto IGT Schaumwein Italien Perlwein trocken Villa Armellina,Aus dem Herzen des Prosecco DOC-Gebietes kommt dieser elegante Spumante mit seinem fruchtigen Bouquet aus Zitronenfrüchten und saftigen Aprikosen. Das angenehme Frucht-Säure-Spiel macht Lust auf mehr und so...,,gustini,Gustini Online Shop,8.90,,"['DE / Wein und Prosecco / Prosecco und Spumante', 'Villa Armellina']",
http://ad.zanox.com/ppc/?20177713C1815612459&ULP=[[http://www.gustini.at/spumante-prosecco-doc-schaumwein-italien-perlwein-trocken-villa-armellina-a63034r50194035.html?afpartner=03]],http://www.gustini.at/artikelbilder/63034.jpg,Spumante Prosecco DOC Schaumwein Italien Perlwein trocken Villa Armellina,"Der ideale Aperitif für festliche Veranstaltungen ist diese perlende Cuvée. Ein helles Gelb mit feinen grünen Reflexen zeichnet die Komposition aus den Rebsorten Glera (Prosecco), Verduzzo und Pinot Bianco aus.",,gustini,Gustini Online Shop,10.90,,"['AT / Wein und Prosecco / Prosecco und Spumante', 'Villa Armellina']",
http://ad.zanox.com/ppc/?20177713C1815612459&ULP=[[http://www.gustini.de/spumante-prosecco-doc-schaumwein-italien-perlwein-trocken-villa-armellina-a63034r50194035.html?afpartner=03]],http://www.gustini.de/artikelbilder/63034.jpg,Spumante Prosecco DOC Schaumwein Italien Perlwein trocken Villa Armellina,"Der ideale Aperitif für festliche Veranstaltungen ist diese perlende Cuvée. Ein helles Gelb mit feinen grünen Reflexen zeichnet die Komposition aus den Rebsorten Glera (Prosecco), Verduzzo und Pinot Bianco aus.",,gustini,Gustini Online Shop,10.90,,"['DE / Wein und Prosecco / Prosecco und Spumante', 'Villa Armellina']",
http://ad.zanox.com/ppc/?20177713C1815612459&ULP=[[http://www.gustini.at/hugo-sommerdrink-prosecco-mit-holunderbluetensirup-a63035r50194035.html?afpartner=03]],http://www.gustini.at/artikelbilder/63035.jpg,HUGO Sommerdrink Prosecco mit Holunderblütensirup,"Das Hugo Original aus Italien: Der süße Sommer-Trend ist eine erfrischende Kombination aus Holunderblüten, Minze und Prosecco erobert deutsche Szenelokale und Grillpartys. Am besten mit Limettenachteln servieren.",,gustini,Gustini Online Shop,6.90,,"['AT / Wein und Prosecco / Prosecco und Spumante', 'Viticoltori Ponte']",
http://ad.zanox.com/ppc/?20177713C1815612459&ULP=[[http://www.gustini.de/hugo-sommerdrink-prosecco-mit-holunderbluetensirup-a63035r50194035.html?afpartner=03]],http://www.gustini.de/artikelbilder/63035.jpg,HUGO Sommerdrink Prosecco mit Holunderblütensirup,"Das Hugo Original aus Italien: Der süße Sommer-Trend ist eine erfrischende Kombination aus Holunderblüten, Minze und Prosecco erobert deutsche Szenelokale und Grillpartys. Am besten mit Limettenachteln servieren.",,gustini,Gustini Online Shop,6.90,,"['DE / Wein und Prosecco / Prosecco und Spumante', 'Viticoltori Ponte']",
http://ad.zanox.com/ppc/?20177713C1815612459&ULP=[[http://www.gustini.at/diamond-prosecco-doc-spumante-a63044r50194035.html?afpartner=03]],http://www.gustini.at/artikelbilder/63044.jpg,Diamond Prosecco DOC Spumante,Der italienische Klassiker zum Anstoßen und Feiern: Prosecco DOC aus der norditalienischen Region Venetien mit den feinen Perlen und dem unnachahmlich frischen Geschmack.,,gustini,Gustini Online Shop,15.90,,"['AT / Wein und Prosecco / Prosecco und Spumante', 'Mabis']",
http://ad.zanox.com/ppc/?20177713C1815612459&ULP=[[http://www.gustini.de/diamond-prosecco-doc-spumante-a63044r50194035.html?afpartner=03]],http://www.gustini.de/artikelbilder/63044.jpg,Diamond Prosecco DOC Spumante,Der italienische Klassiker zum Anstoßen und Feiern: Prosecco DOC aus der norditalienischen Region Venetien mit den feinen Perlen und dem unnachahmlich frischen Geschmack.,,gustini,Gustini Online Shop,15.90,,"['DE / Wein und Prosecco / Prosecco und Spumante', 'Mabis']",
http://ad.zanox.com/ppc/?20177713C1815612459&ULP=[[http://www.gustini.at/cremovo-marsala-all-uovo-frazzitta-likoer-a64028r50274184.html?afpartner=03]],http://www.gustini.at/artikelbilder/64028.jpg,Cremovo Marsala all Uovo Frazzitta Likör,"Ein sehr schöner bernsteinfarbener Dessertwein, der lang gereift ist und mit Eigelb angereichert wurde.  Er hat ein reiches, samtiges und harmonisches Bukett.",,gustini,Gustini Online Shop,8.90,,"['AT / Bier Grappa Spirituosen / Dessertwein', 'Frazzitta']",
http://ad.zanox.com/ppc/?20177713C1815612459&ULP=[[http://www.gustini.de/cremovo-marsala-all-uovo-frazzitta-likoer-a64028r50274184.html?afpartner=03]],http://www.gustini.de/artikelbilder/64028.jpg,Cremovo Marsala all Uovo Frazzitta Likör,"Ein sehr schöner bernsteinfarbener Dessertwein, der lang gereift ist und mit Eigelb angereichert wurde.  Er hat ein reiches, samtiges und harmonisches Bukett.",,gustini,Gustini Online Shop,8.90,,"['DE / Bier Grappa Spirituosen / Dessertwein', 'Frazzitta']",
http://ad.zanox.com/ppc/?20177713C1815612459&ULP=[[http://www.gustini.at/vin-santo-tegrino-toskana-doc-cantina-di-montalcino-leonardo-da-vinci-a64036r50274184.html?afpartner=03]],http://www.gustini.at/artikelbilder/64036.jpg,Vin Santo Tegrino Toskana DOC Cantina di Montalcino Leonardo da Vinci,"Der beliebte italienische Dessertwein, hier in einer Variante aus dem Chianti. Bernsteinfarben schimmert er im Glas und verbreitet sein charakteristisches Bouquet.",,gustini,Gustini Online Shop,26.90,,"['AT / Bier Grappa Spirituosen / Dessertwein', 'Cantine Leonardo daVinci']",
http://ad.zanox.com/ppc/?20177713C1815612459&ULP=[[http://www.gustini.de/vin-santo-tegrino-toskana-doc-cantina-di-montalcino-leonardo-da-vinci-a64036r50274184.html?afpartner=03]],http://www.gustini.de/artikelbilder/64036.jpg,Vin Santo Tegrino Toskana DOC Cantina di Montalcino Leonardo da Vinci,"Der beliebte italienische Dessertwein, hier in einer Variante aus dem Chianti. Bernsteinfarben schimmert er im Glas und verbreitet sein charakteristisches Bouquet.",,gustini,Gustini Online Shop,26.90,,"['DE / Bier Grappa Spirituosen / Dessertwein', 'Cantine Leonardo daVinci']",
http://ad.zanox.com/ppc/?20177713C1815612459&ULP=[[http://www.gustini.at/marsala-fine-dessertwein-ambra-secco-doc-frazzitta-italien-a64073r50194184.html?afpartner=03]],http://www.gustini.at/artikelbilder/64073.jpg,Marsala Fine Dessertwein Ambra Secco DOC Frazzitta Italien,Dieser bernsteinfarbene Dessertwein schimmert warm im Glas und bildet den krönenden Abschluss eines Menüs. Er ist im Eichenfass für mindestens 8 Monate gereift und hat einen Alkoholgehalt von ca. 17%.,,gustini,Gustini Online Shop,8.95,,"['AT / Wein und Prosecco / Dessertwein', 'Frazzitta']",
http://ad.zanox.com/ppc/?20177713C1815612459&ULP=[[http://www.gustini.de/marsala-fine-dessertwein-ambra-secco-doc-frazzitta-italien-a64073r50194184.html?afpartner=03]],http://www.gustini.de/artikelbilder/64073.jpg,Marsala Fine Dessertwein Ambra Secco DOC Frazzitta Italien,Dieser bernsteinfarbene Dessertwein schimmert warm im Glas und bildet den krönenden Abschluss eines Menüs. Er ist im Eichenfass für mindestens 8 Monate gereift und hat einen Alkoholgehalt von ca. 17%.,,gustini,Gustini Online Shop,8.95,,"['DE / Wein und Prosecco / Dessertwein', 'Frazzitta']",
http://ad.zanox.com/ppc/?20177713C1815612459&ULP=[[http://www.gustini.at/rotweine-des-jahres-italiens-praemierte-weine-praesent-a81106r50114197.html?afpartner=03]],http://www.gustini.at/artikelbilder/81106.jpg,Rotweine des Jahres Italiens prämierte Weine Präsent,Genießen oder verschenken Sie die besten Ergebnisse der Ernten von 2006-2008!  Rotweine von erlesener Qualität sind in diesem Set enthalten und werden in einer schicken schwarzen Geschenkbox geliefert.,,gustini,Gustini Online Shop,37.90,,"['AT / Geschenkideen / Wein & Prosecco Pr\xc3\xa4sente', 'Cantine Minini']",
http://ad.zanox.com/ppc/?20177713C1815612459&ULP=[[http://www.gustini.de/rotweine-des-jahres-italiens-praemierte-weine-praesent-a81106r50114197.html?afpartner=03]],http://www.gustini.de/artikelbilder/81106.jpg,Rotweine des Jahres Italiens prämierte Weine Präsent,Genießen oder verschenken Sie die besten Ergebnisse der Ernten von 2006-2008!  Rotweine von erlesener Qualität sind in diesem Set enthalten und werden in einer schicken schwarzen Geschenkbox geliefert.,,gustini,Gustini Online Shop,37.90,,"['DE / Geschenkideen / Wein & Prosecco Pr\xc3\xa4sente', 'Cantine Minini']",
http://ad.zanox.com/ppc/?20177713C1815612459&ULP=[[http://www.gustini.at/6-flaschen-im-vorteilspaket-vini-del-buongustaio-feinschmecker-weine-aus-italien-casa-defra-a81107r50194148.html?afpartner=03]],http://www.gustini.at/artikelbilder/81107.jpg,6 Flaschen im Vorteilspaket Vini del Buongustaio Feinschmecker Weine aus Italien Casa Defra,Für Liebhaber besten italienischen Weines haben wir dieses exklusive Paket von sechs Tropfen des Weingutes Casa Defra zusammengestellt. Rot-und Weißweine von Merlot bis Pinot Bianco sind darin enthalten.,,gustini,Gustini Online Shop,29.90,,"['AT / Wein und Prosecco / Wein-Vorteilspakete', 'Casa Defra']",
http://ad.zanox.com/ppc/?20177713C1815612459&ULP=[[http://www.gustini.de/6-flaschen-im-vorteilspaket-vini-del-buongustaio-feinschmecker-weine-aus-italien-casa-defra-a81107r50194148.html?afpartner=03]],http://www.gustini.de/artikelbilder/81107.jpg,6 Flaschen im Vorteilspaket Vini del Buongustaio Feinschmecker Weine aus Italien Casa Defra,Für Liebhaber besten italienischen Weines haben wir dieses exklusive Paket von sechs Tropfen des Weingutes Casa Defra zusammengestellt. Rot-und Weißweine von Merlot bis Pinot Bianco sind darin enthalten.,,gustini,Gustini Online Shop,29.90,,"['DE / Wein und Prosecco / Wein-Vorteilspakete', 'Casa Defra']",
http://ad.zanox.com/ppc/?20177713C1815612459&ULP=[[http://www.gustini.at/suesse-verfuehrung-aus-italien-migliore-amica-geschenkset-a81116r50114197.html?afpartner=03]],http://www.gustini.at/artikelbilder/81116.jpg,Süße Verführung aus Italien Migliore Amica Geschenkset,Süße Verführung auf Italienisch: Das Geschenkset ist ideal als kleine Aufmerksamkeit für eine Herzensdame oder allerbeste Freundin geeignet.,,gustini,Gustini Online Shop,16.90,,"['AT / Geschenkideen / Wein & Prosecco Pr\xc3\xa4sente', 'Gustini.de']",
http://ad.zanox.com/ppc/?20177713C1815612459&ULP=[[http://www.gustini.de/suesse-verfuehrung-aus-italien-migliore-amica-geschenkset-a81116r50114197.html?afpartner=03]],http://www.gustini.de/artikelbilder/81116.jpg,Süße Verführung aus Italien Migliore Amica Geschenkset,Süße Verführung auf Italienisch: Das Geschenkset ist ideal als kleine Aufmerksamkeit für eine Herzensdame oder allerbeste Freundin geeignet.,,gustini,Gustini Online Shop,16.90,,"['DE / Geschenkideen / Wein & Prosecco Pr\xc3\xa4sente', 'Gustini.de']",
http://ad.zanox.com/ppc/?20177713C1815612459&ULP=[[http://www.gustini.at/praesent-weine-italiens-a81128r50114197.html?afpartner=03]],http://www.gustini.at/artikelbilder/81128.jpg,Präsent Weine Italiens,"Ganz italienisch eingebettet sind diese edlen Weine in einem Set aus Rotwein, Rosé und Weißwein. So können Sie die Geschmacksvielfalt italienischer Reben ästhetisch ansprechend verschenken.",,gustini,Gustini Online Shop,19.90,,"['AT / Geschenkideen / Wein & Prosecco Pr\xc3\xa4sente', 'Casa Defra']",
http://ad.zanox.com/ppc/?20177713C1815612459&ULP=[[http://www.gustini.de/praesent-weine-italiens-a81128r50114197.html?afpartner=03]],http://www.gustini.de/artikelbilder/81128.jpg,Präsent Weine Italiens,"Ganz italienisch eingebettet sind diese edlen Weine in einem Set aus Rotwein, Rosé und Weißwein. So können Sie die Geschmacksvielfalt italienischer Reben ästhetisch ansprechend verschenken.",,gustini,Gustini Online Shop,19.90,,"['DE / Geschenkideen / Wein & Prosecco Pr\xc3\xa4sente', 'Casa Defra']",
http://ad.zanox.com/ppc/?20177713C1815612459&ULP=[[http://www.gustini.at/praesent-schokolade-und-wein-testsieger-duett-a81136r50114197.html?afpartner=03]],http://www.gustini.at/artikelbilder/81136.jpg,Präsent Schokolade und Wein Testsieger Duett,"Ein wahres Genießerset haben wir Ihnen hier zusammengestellt. Schokolade von der italienischen Maître Chocolatrice Cecilia Tessieri und ein prämierter Traum-Rotwein - das ist ein Bund, der im Himmel  geschlossen wurde.",,gustini,Gustini Online Shop,22.90,,"['AT / Geschenkideen / Wein & Prosecco Pr\xc3\xa4sente', 'Amedei Schokolade']",
http://ad.zanox.com/ppc/?20177713C1815612459&ULP=[[http://www.gustini.de/praesent-schokolade-und-wein-testsieger-duett-a81136r50114197.html?afpartner=03]],http://www.gustini.de/artikelbilder/81136.jpg,Präsent Schokolade und Wein Testsieger Duett,"Ein wahres Genießerset haben wir Ihnen hier zusammengestellt. Schokolade von der italienischen Maître Chocolatrice Cecilia Tessieri und ein prämierter Traum-Rotwein - das ist ein Bund, der im Himmel  geschlossen wurde.",,gustini,Gustini Online Shop,22.90,,"['DE / Geschenkideen / Wein & Prosecco Pr\xc3\xa4sente', 'Amedei Schokolade']",
http://ad.zanox.com/ppc/?20177713C1815612459&ULP=[[http://www.gustini.at/prosecco-und-praline-geschenk-fuer-damen-a81137r50114197.html?afpartner=03]],http://www.gustini.at/artikelbilder/81137.jpg,Prosecco und Praline Geschenk für Damen,"Ein Geschenk an die holde Weiblichkeit ist dieses Set mit fein perlendem Prosecco und exklusiven Trüffelpralinenkreationen. Bringen Sie ein Herz zum Schmelzen, indem Sie dieses Set verschenken.",,gustini,Gustini Online Shop,14.90,,"['AT / Geschenkideen / Wein & Prosecco Pr\xc3\xa4sente', 'Gustini.de']",
http://ad.zanox.com/ppc/?20177713C1815612459&ULP=[[http://www.gustini.de/prosecco-und-praline-geschenk-fuer-damen-a81137r50114197.html?afpartner=03]],http://www.gustini.de/artikelbilder/81137.jpg,Prosecco und Praline Geschenk für Damen,"Ein Geschenk an die holde Weiblichkeit ist dieses Set mit fein perlendem Prosecco und exklusiven Trüffelpralinenkreationen. Bringen Sie ein Herz zum Schmelzen, indem Sie dieses Set verschenken.",,gustini,Gustini Online Shop,14.90,,"['DE / Geschenkideen / Wein & Prosecco Pr\xc3\xa4sente', 'Gustini.de']",
http://ad.zanox.com/ppc/?20177713C1815612459&ULP=[[http://www.gustini.at/praesentkarton-siena-fuer-2-flaschen-geschenkkarton-a84022r50194127.html?afpartner=03]],http://www.gustini.at/artikelbilder/84022.jpg,Präsentkarton Siena für 2 Flaschen Geschenkkarton,Sie möchten Wein oder Sekt verschenken? Dann bietet dieser hübsche dunkelroter Geschenkkarton einen passenden Rahmen dafür. Ein Aquarellbild mit toskana-ähnlichem Motiv spricht den Italien-Liebhaber an.,,gustini,Gustini Online Shop,4.95,,"['AT / Wein und Prosecco / Geschenk Verpackungen', '']",
http://ad.zanox.com/ppc/?20177713C1815612459&ULP=[[http://www.gustini.de/praesentkarton-siena-fuer-2-flaschen-geschenkkarton-a84022r50194127.html?afpartner=03]],http://www.gustini.de/artikelbilder/84022.jpg,Präsentkarton Siena für 2 Flaschen Geschenkkarton,Sie möchten Wein oder Sekt verschenken? Dann bietet dieser hübsche dunkelroter Geschenkkarton einen passenden Rahmen dafür. Ein Aquarellbild mit toskana-ähnlichem Motiv spricht den Italien-Liebhaber an.,,gustini,Gustini Online Shop,4.95,,"['DE / Wein und Prosecco / Geschenk Verpackungen', '']",
http://ad.zanox.com/ppc/?20177713C1815612459&ULP=[[http://www.gustini.at/weintuete-elegante-fuer-1-flasche-wein-a84043r50194127.html?afpartner=03]],http://www.gustini.at/artikelbilder/84043.jpg,Weintüte Elegante für 1 Flasche Wein,"Wenn Sie eine Flasche italienischen Weins oder Sekt verschenken möchten, bieten wir Ihnen mit dieser Lackpapiertüte in eleganten Look eine ansprechende und passende Hülle.",,gustini,Gustini Online Shop,1.49,,"['AT / Wein und Prosecco / Geschenk Verpackungen', '']",
http://ad.zanox.com/ppc/?20177713C1815612459&ULP=[[http://www.gustini.de/weintuete-elegante-fuer-1-flasche-wein-a84043r50194127.html?afpartner=03]],http://www.gustini.de/artikelbilder/84043.jpg,Weintüte Elegante für 1 Flasche Wein,"Wenn Sie eine Flasche italienischen Weins oder Sekt verschenken möchten, bieten wir Ihnen mit dieser Lackpapiertüte in eleganten Look eine ansprechende und passende Hülle.",,gustini,Gustini Online Shop,1.49,,"['DE / Wein und Prosecco / Geschenk Verpackungen', '']",
